Workbook

Sheet CT_SL_DT
Q1: Chọn tháng → | R1: 12
A2: CÔNG TY CỔ PHẦN XÂY DỰNG NGÔ QUYỀN | H2: CỘNG HÒA XÃ HỘI CHỦ NGHĨA VIỆT NAM | Q2: Chọn năm → | R2: 2025
A3: BAN CHỈ HUY CÔNG TRƯỜNG | H3: Độc lập - Tự do - Hạnh phúc
A4: ="CHỈ TIÊU SẢN LƯỢNG, DOANH THU THÁNG "&R1&" NĂM "&R2 -> CHỈ TIÊU SẢN LƯỢNG, DOANH THU THÁNG 12 NĂM 2025
A5: DỰ ÁN : KHU NHÀ Ở TẠI PHƯỜNG TRẠI CHUỐI
A6: ="Tháng "&R1&" Năm "&R2 -> Tháng 12 Năm 2025
A7: Đơn vị: đồng
A8: STT | B8: Danh mục | C8: Giá trị dự toán phần thô 2024 hoặc Quyết toán: | D8: Sản lượng luỹ kế đầu kỳ | E8: Doanh thu luỹ kế đầu kỳ | F8: Sản lượng kỳ này | H8: Doanh thu kỳ này | J8: Sản lượng trát | K8: Doanh thu trát | L8: Doanh thu cần thực hiện theo tiến độ | M8: Công việc cần hoàn thành theo doanh thu lũy kế | N8: Tiến độ thực tế (Khung bê tông cốt thép) | O8: Tình trạng thực hiện doanh thu | P8: Ghi chú
F9: Chỉ tiêu | G9: Thực hiện | H9: Chỉ tiêu | I9: Thực hiện
A11: I | B11: Trại chuối GĐ 1
A12: A | D12: 0 | E12: 0
A13: 1 | B13: Lô 5A | C13: {=IFERROR(INDEX(Data_CT!G$2:G$327,MATCH($R$2&$R$1&$B13,Data_CT!$B$2:$B$327&Data_CT!$A$2:$A$327&Data_CT!$F$2:$F$327,0)),"")} -> 1140788000 | D13: {=IFERROR(INDEX(Data_CT!H$2:H$327,MATCH($R$2&$R$1&$B13,Data_CT!$B$2:$B$327&Data_CT!$A$2:$A$327&Data_CT!$F$2:$F$327,0)),"")} -> 853717725 | E13: {=IFERROR(INDEX(Data_CT!I$2:I$327,MATCH($R$2&$R$1&$B13,Data_CT!$B$2:$B$327&Data_CT!$A$2:$A$327&Data_CT!$F$2:$F$327,0)),"")} -> 700000000 | F13: {=IFERROR(INDEX(Data_CT!J$2:J$327,MATCH($R$2&$R$1&$B13,Data_CT!$B$2:$B$327&Data_CT!$A$2:$A$327&Data_CT!$F$2:$F$327,0)),"")} -> 0 | G13: {=IFERROR(INDEX(Data_CT!K$2:K$327,MATCH($R$2&$R$1&$B13,Data_CT!$B$2:$B$327&Data_CT!$A$2:$A$327&Data_CT!$F$2:$F$327,0)),"")} -> 173974500 | H13: {=IFERROR(INDEX(Data_CT!L$2:L$327,MATCH($R$2&$R$1&$B13,Data_CT!$B$2:$B$327&Data_CT!$A$2:$A$327&Data_CT!$F$2:$F$327,0)),"")} -> 300000000 | I13: {=IFERROR(INDEX(Data_CT!M$2:M$327,MATCH($R$2&$R$1&$B13,Data_CT!$B$2:$B$327&Data_CT!$A$2:$A$327&Data_CT!$F$2:$F$327,0)),"")} -> 300000000 | J13: {=IFERROR(INDEX(Data_CT!N$2:N$327,MATCH($R$2&$R$1&$B13,Data_CT!$B$2:$B$327&Data_CT!$A$2:$A$327&Data_CT!$F$2:$F$327,0)),"")} -> 0 | K13: {=IFERROR(INDEX(Data_CT!O$2:O$327,MATCH($R$2&$R$1&$B13,Data_CT!$B$2:$B$327&Data_CT!$A$2:$A$327&Data_CT!$F$2:$F$327,0)),"")} -> 0 | M13: {=IFERROR(INDEX(Data_CT!P$2:P$327,MATCH($R$2&$R$1&$B13,Data_CT!$B$2:$B$327&Data_CT!$A$2:$A$327&Data_CT!$F$2:$F$327,0)),"")} | N13: {=IFERROR(INDEX(Data_CT!Q$2:Q$327,MATCH($R$2&$R$1&$B13,Data_CT!$B$2:$B$327&Data_CT!$A$2:$A$327&Data_CT!$F$2:$F$327,0)),"")} -> Mái tầng 3 | P13: {=IFERROR(INDEX(Data_CT!R$2:R$327,MATCH($R$2&$R$1&$B13,Data_CT!$B$2:$B$327&Data_CT!$A$2:$A$327&Data_CT!$F$2:$F$327,0)),"")} -> Xong khung BTCT
A14: 2 | B14: Lô 9A | C14: {=IFERROR(INDEX(Data_CT!G$2:G$327,MATCH($R$2&$R$1&$B14,Data_CT!$B$2:$B$327&Data_CT!$A$2:$A$327&Data_CT!$F$2:$F$327,0)),"")} -> 1118543000 | D14: {=IFERROR(INDEX(Data_CT!H$2:H$327,MATCH($R$2&$R$1&$B14,Data_CT!$B$2:$B$327&Data_CT!$A$2:$A$327&Data_CT!$F$2:$F$327,0)),"")} -> 1118543000 | E14: {=IFERROR(INDEX(Data_CT!I$2:I$327,MATCH($R$2&$R$1&$B14,Data_CT!$B$2:$B$327&Data_CT!$A$2:$A$327&Data_CT!$F$2:$F$327,0)),"")} -> 1118000000 | F14: {=IFERROR(INDEX(Data_CT!J$2:J$327,MATCH($R$2&$R$1&$B14,Data_CT!$B$2:$B$327&Data_CT!$A$2:$A$327&Data_CT!$F$2:$F$327,0)),"")} -> 0 | G14: {=IFERROR(INDEX(Data_CT!K$2:K$327,MATCH($R$2&$R$1&$B14,Data_CT!$B$2:$B$327&Data_CT!$A$2:$A$327&Data_CT!$F$2:$F$327,0)),"")} -> 0 | H14: {=IFERROR(INDEX(Data_CT!L$2:L$327,MATCH($R$2&$R$1&$B14,Data_CT!$B$2:$B$327&Data_CT!$A$2:$A$327&Data_CT!$F$2:$F$327,0)),"")} -> 0 | I14: {=IFERROR(INDEX(Data_CT!M$2:M$327,MATCH($R$2&$R$1&$B14,Data_CT!$B$2:$B$327&Data_CT!$A$2:$A$327&Data_CT!$F$2:$F$327,0)),"")} -> 0 | J14: {=IFERROR(INDEX(Data_CT!N$2:N$327,MATCH($R$2&$R$1&$B14,Data_CT!$B$2:$B$327&Data_CT!$A$2:$A$327&Data_CT!$F$2:$F$327,0)),"")} -> 1.3825648e+08 | K14: {=IFERROR(INDEX(Data_CT!O$2:O$327,MATCH($R$2&$R$1&$B14,Data_CT!$B$2:$B$327&Data_CT!$A$2:$A$327&Data_CT!$F$2:$F$327,0)),"")} -> 138256070 | M14: {=IFERROR(INDEX(Data_CT!P$2:P$327,MATCH($R$2&$R$1&$B14,Data_CT!$B$2:$B$327&Data_CT!$A$2:$A$327&Data_CT!$F$2:$F$327,0)),"")} -> 0 | N14: {=IFERROR(INDEX(Data_CT!Q$2:Q$327,MATCH($R$2&$R$1&$B14,Data_CT!$B$2:$B$327&Data_CT!$A$2:$A$327&Data_CT!$F$2:$F$327,0)),"")} -> 0 | P14: {=IFERROR(INDEX(Data_CT!R$2:R$327,MATCH($R$2&$R$1&$B14,Data_CT!$B$2:$B$327&Data_CT!$A$2:$A$327&Data_CT!$F$2:$F$327,0)),"")} -> Xong khung BTCT
A15: 3 | B15: Lô 12A | C15: {=IFERROR(INDEX(Data_CT!G$2:G$327,MATCH($R$2&$R$1&$B15,Data_CT!$B$2:$B$327&Data_CT!$A$2:$A$327&Data_CT!$F$2:$F$327,0)),"")} -> 1161338000 | D15: {=IFERROR(INDEX(Data_CT!H$2:H$327,MATCH($R$2&$R$1&$B15,Data_CT!$B$2:$B$327&Data_CT!$A$2:$A$327&Data_CT!$F$2:$F$327,0)),"")} -> 1161338000 | E15: {=IFERROR(INDEX(Data_CT!I$2:I$327,MATCH($R$2&$R$1&$B15,Data_CT!$B$2:$B$327&Data_CT!$A$2:$A$327&Data_CT!$F$2:$F$327,0)),"")} -> 1161338000 | F15: {=IFERROR(INDEX(Data_CT!J$2:J$327,MATCH($R$2&$R$1&$B15,Data_CT!$B$2:$B$327&Data_CT!$A$2:$A$327&Data_CT!$F$2:$F$327,0)),"")} -> 0 | G15: {=IFERROR(INDEX(Data_CT!K$2:K$327,MATCH($R$2&$R$1&$B15,Data_CT!$B$2:$B$327&Data_CT!$A$2:$A$327&Data_CT!$F$2:$F$327,0)),"")} -> 0 | H15: {=IFERROR(INDEX(Data_CT!L$2:L$327,MATCH($R$2&$R$1&$B15,Data_CT!$B$2:$B$327&Data_CT!$A$2:$A$327&Data_CT!$F$2:$F$327,0)),"")} -> 0 | I15: {=IFERROR(INDEX(Data_CT!M$2:M$327,MATCH($R$2&$R$1&$B15,Data_CT!$B$2:$B$327&Data_CT!$A$2:$A$327&Data_CT!$F$2:$F$327,0)),"")} -> 0 | J15: {=IFERROR(INDEX(Data_CT!N$2:N$327,MATCH($R$2&$R$1&$B15,Data_CT!$B$2:$B$327&Data_CT!$A$2:$A$327&Data_CT!$F$2:$F$327,0)),"")} -> 28072222 | K15: {=IFERROR(INDEX(Data_CT!O$2:O$327,MATCH($R$2&$R$1&$B15,Data_CT!$B$2:$B$327&Data_CT!$A$2:$A$327&Data_CT!$F$2:$F$327,0)),"")} -> 28072132 | M15: {=IFERROR(INDEX(Data_CT!P$2:P$327,MATCH($R$2&$R$1&$B15,Data_CT!$B$2:$B$327&Data_CT!$A$2:$A$327&Data_CT!$F$2:$F$327,0)),"")} -> 1161338000 | N15: {=IFERROR(INDEX(Data_CT!Q$2:Q$327,MATCH($R$2&$R$1&$B15,Data_CT!$B$2:$B$327&Data_CT!$A$2:$A$327&Data_CT!$F$2:$F$327,0)),"")} -> 0 | P15: {=IFERROR(INDEX(Data_CT!R$2:R$327,MATCH($R$2&$R$1&$B15,Data_CT!$B$2:$B$327&Data_CT!$A$2:$A$327&Data_CT!$F$2:$F$327,0)),"")} -> 0
A16: 4 | B16: Lô 13A | C16: {=IFERROR(INDEX(Data_CT!G$2:G$327,MATCH($R$2&$R$1&$B16,Data_CT!$B$2:$B$327&Data_CT!$A$2:$A$327&Data_CT!$F$2:$F$327,0)),"")} -> 1129099000 | D16: {=IFERROR(INDEX(Data_CT!H$2:H$327,MATCH($R$2&$R$1&$B16,Data_CT!$B$2:$B$327&Data_CT!$A$2:$A$327&Data_CT!$F$2:$F$327,0)),"")} -> 489397680 | E16: {=IFERROR(INDEX(Data_CT!I$2:I$327,MATCH($R$2&$R$1&$B16,Data_CT!$B$2:$B$327&Data_CT!$A$2:$A$327&Data_CT!$F$2:$F$327,0)),"")} -> 800000000 | F16: {=IFERROR(INDEX(Data_CT!J$2:J$327,MATCH($R$2&$R$1&$B16,Data_CT!$B$2:$B$327&Data_CT!$A$2:$A$327&Data_CT!$F$2:$F$327,0)),"")} -> 0 | G16: {=IFERROR(INDEX(Data_CT!K$2:K$327,MATCH($R$2&$R$1&$B16,Data_CT!$B$2:$B$327&Data_CT!$A$2:$A$327&Data_CT!$F$2:$F$327,0)),"")} -> 186300000 | H16: {=IFERROR(INDEX(Data_CT!L$2:L$327,MATCH($R$2&$R$1&$B16,Data_CT!$B$2:$B$327&Data_CT!$A$2:$A$327&Data_CT!$F$2:$F$327,0)),"")} -> 0 | I16: {=IFERROR(INDEX(Data_CT!M$2:M$327,MATCH($R$2&$R$1&$B16,Data_CT!$B$2:$B$327&Data_CT!$A$2:$A$327&Data_CT!$F$2:$F$327,0)),"")} -> 0 | J16: {=IFERROR(INDEX(Data_CT!N$2:N$327,MATCH($R$2&$R$1&$B16,Data_CT!$B$2:$B$327&Data_CT!$A$2:$A$327&Data_CT!$F$2:$F$327,0)),"")} -> 0 | K16: {=IFERROR(INDEX(Data_CT!O$2:O$327,MATCH($R$2&$R$1&$B16,Data_CT!$B$2:$B$327&Data_CT!$A$2:$A$327&Data_CT!$F$2:$F$327,0)),"")} -> 0 | M16: {=IFERROR(INDEX(Data_CT!P$2:P$327,MATCH($R$2&$R$1&$B16,Data_CT!$B$2:$B$327&Data_CT!$A$2:$A$327&Data_CT!$F$2:$F$327,0)),"")} | N16: {=IFERROR(INDEX(Data_CT!Q$2:Q$327,MATCH($R$2&$R$1&$B16,Data_CT!$B$2:$B$327&Data_CT!$A$2:$A$327&Data_CT!$F$2:$F$327,0)),"")} -> Mái tầng 1 | P16: {=IFERROR(INDEX(Data_CT!R$2:R$327,MATCH($R$2&$R$1&$B16,Data_CT!$B$2:$B$327&Data_CT!$A$2:$A$327&Data_CT!$F$2:$F$327,0)),"")} -> Xong khung BTCT
A17: 5 | B17: Lô 14A | C17: {=IFERROR(INDEX(Data_CT!G$2:G$327,MATCH($R$2&$R$1&$B17,Data_CT!$B$2:$B$327&Data_CT!$A$2:$A$327&Data_CT!$F$2:$F$327,0)),"")} -> 1129099000 | D17: {=IFERROR(INDEX(Data_CT!H$2:H$327,MATCH($R$2&$R$1&$B17,Data_CT!$B$2:$B$327&Data_CT!$A$2:$A$327&Data_CT!$F$2:$F$327,0)),"")} -> 649826280 | E17: {=IFERROR(INDEX(Data_CT!I$2:I$327,MATCH($R$2&$R$1&$B17,Data_CT!$B$2:$B$327&Data_CT!$A$2:$A$327&Data_CT!$F$2:$F$327,0)),"")} -> 400000000 | F17: {=IFERROR(INDEX(Data_CT!J$2:J$327,MATCH($R$2&$R$1&$B17,Data_CT!$B$2:$B$327&Data_CT!$A$2:$A$327&Data_CT!$F$2:$F$327,0)),"")} -> 0 | G17: {=IFERROR(INDEX(Data_CT!K$2:K$327,MATCH($R$2&$R$1&$B17,Data_CT!$B$2:$B$327&Data_CT!$A$2:$A$327&Data_CT!$F$2:$F$327,0)),"")} -> 0 | H17: {=IFERROR(INDEX(Data_CT!L$2:L$327,MATCH($R$2&$R$1&$B17,Data_CT!$B$2:$B$327&Data_CT!$A$2:$A$327&Data_CT!$F$2:$F$327,0)),"")} -> 300000000 | I17: {=IFERROR(INDEX(Data_CT!M$2:M$327,MATCH($R$2&$R$1&$B17,Data_CT!$B$2:$B$327&Data_CT!$A$2:$A$327&Data_CT!$F$2:$F$327,0)),"")} -> 0 | J17: {=IFERROR(INDEX(Data_CT!N$2:N$327,MATCH($R$2&$R$1&$B17,Data_CT!$B$2:$B$327&Data_CT!$A$2:$A$327&Data_CT!$F$2:$F$327,0)),"")} -> 0 | K17: {=IFERROR(INDEX(Data_CT!O$2:O$327,MATCH($R$2&$R$1&$B17,Data_CT!$B$2:$B$327&Data_CT!$A$2:$A$327&Data_CT!$F$2:$F$327,0)),"")} -> 0 | M17: {=IFERROR(INDEX(Data_CT!P$2:P$327,MATCH($R$2&$R$1&$B17,Data_CT!$B$2:$B$327&Data_CT!$A$2:$A$327&Data_CT!$F$2:$F$327,0)),"")} | N17: {=IFERROR(INDEX(Data_CT!Q$2:Q$327,MATCH($R$2&$R$1&$B17,Data_CT!$B$2:$B$327&Data_CT!$A$2:$A$327&Data_CT!$F$2:$F$327,0)),"")} -> Mái tầng 1 | P17: {=IFERROR(INDEX(Data_CT!R$2:R$327,MATCH($R$2&$R$1&$B17,Data_CT!$B$2:$B$327&Data_CT!$A$2:$A$327&Data_CT!$F$2:$F$327,0)),"")} -> Mái Tầng 1
A18: B | D18: 0 | E18: 0 | O18: =_xludf.LET( TienDaDong, E18+I18, TienYeuCau, L18, TrangThai_P, P18, KetQua, IF(OR(TienYeuCau=0, TienYeuCau=""), "", IF(TienDaDong >= TienYeuCau, "✅ Đủ tiền", _xludf.LET( MaLo, B18, TienDoHienTai_Text, M18, Diem_HienTai, _xludf.IFNA(VLOOKUP(TienDoHienTai_Text, CauHinh!$A:$B, 2, 0), 0), Moc_Diem_1, VLOOKUP(MaLo, 'TIẾN ĐỘ NỘP TIỀN'!$B:$Z, 23, 0), Moc_Diem_2, VLOOKUP(MaLo, 'TIẾN ĐỘ NỘP TIỀN'!$B:$Z, 24, 0), Moc_Diem_3, VLOOKUP(MaLo, 'TIẾN ĐỘ NỘP TIỀN'!$B:$Z, 25, 0), TenDot, IF(TrangThai_P="Đã quyết toán", "Quyết toán", _xludf.IFS(Diem_HienTai >= (Moc_Diem_3 - 10), "Đợt 4", Diem_HienTai >= (Moc_Diem_2 - 10), "Đợt 3", Diem_HienTai >= (Moc_Diem_1 - 10), "Đợt 2", TRUE, "Đợt 1") ), "⚠️ Cần nộp " & TenDot & " (Còn thiếu " & TEXT(TienYeuCau - TienDaDong, "#,##0") & ") - Tổng cần nộp: " & TEXT(TienYeuCau, "#,##0") ))), KetQua ) -> #NAME?
A19: 1 | B19: Lô 1B | C19: {=IFERROR(INDEX(Data_CT!G$2:G$327,MATCH($R$2&$R$1&$B19,Data_CT!$B$2:$B$327&Data_CT!$A$2:$A$327&Data_CT!$F$2:$F$327,0)),"")} -> 1295727000 | D19: {=IFERROR(INDEX(Data_CT!H$2:H$327,MATCH($R$2&$R$1&$B19,Data_CT!$B$2:$B$327&Data_CT!$A$2:$A$327&Data_CT!$F$2:$F$327,0)),"")} -> 1295727000 | E19: {=IFERROR(INDEX(Data_CT!I$2:I$327,MATCH($R$2&$R$1&$B19,Data_CT!$B$2:$B$327&Data_CT!$A$2:$A$327&Data_CT!$F$2:$F$327,0)),"")} -> 1150000000 | F19: {=IFERROR(INDEX(Data_CT!J$2:J$327,MATCH($R$2&$R$1&$B19,Data_CT!$B$2:$B$327&Data_CT!$A$2:$A$327&Data_CT!$F$2:$F$327,0)),"")} -> 0 | G19: {=IFERROR(INDEX(Data_CT!K$2:K$327,MATCH($R$2&$R$1&$B19,Data_CT!$B$2:$B$327&Data_CT!$A$2:$A$327&Data_CT!$F$2:$F$327,0)),"")} -> 0 | H19: {=IFERROR(INDEX(Data_CT!L$2:L$327,MATCH($R$2&$R$1&$B19,Data_CT!$B$2:$B$327&Data_CT!$A$2:$A$327&Data_CT!$F$2:$F$327,0)),"")} -> 145727000 | I19: {=IFERROR(INDEX(Data_CT!M$2:M$327,MATCH($R$2&$R$1&$B19,Data_CT!$B$2:$B$327&Data_CT!$A$2:$A$327&Data_CT!$F$2:$F$327,0)),"")} -> 0 | J19: {=IFERROR(INDEX(Data_CT!N$2:N$327,MATCH($R$2&$R$1&$B19,Data_CT!$B$2:$B$327&Data_CT!$A$2:$A$327&Data_CT!$F$2:$F$327,0)),"")} -> 205662963 | K19: {=IFERROR(INDEX(Data_CT!O$2:O$327,MATCH($R$2&$R$1&$B19,Data_CT!$B$2:$B$327&Data_CT!$A$2:$A$327&Data_CT!$F$2:$F$327,0)),"")} -> 100000000 | M19: {=IFERROR(INDEX(Data_CT!P$2:P$327,MATCH($R$2&$R$1&$B19,Data_CT!$B$2:$B$327&Data_CT!$A$2:$A$327&Data_CT!$F$2:$F$327,0)),"")} -> 1295727000 | N19: {=IFERROR(INDEX(Data_CT!Q$2:Q$327,MATCH($R$2&$R$1&$B19,Data_CT!$B$2:$B$327&Data_CT!$A$2:$A$327&Data_CT!$F$2:$F$327,0)),"")} -> 0 | P19: {=IFERROR(INDEX(Data_CT!R$2:R$327,MATCH($R$2&$R$1&$B19,Data_CT!$B$2:$B$327&Data_CT!$A$2:$A$327&Data_CT!$F$2:$F$327,0)),"")} -> 0
A20: 2 | B20: Lô 2B | C20: {=IFERROR(INDEX(Data_CT!G$2:G$327,MATCH($R$2&$R$1&$B20,Data_CT!$B$2:$B$327&Data_CT!$A$2:$A$327&Data_CT!$F$2:$F$327,0)),"")} -> 1280505000 | D20: {=IFERROR(INDEX(Data_CT!H$2:H$327,MATCH($R$2&$R$1&$B20,Data_CT!$B$2:$B$327&Data_CT!$A$2:$A$327&Data_CT!$F$2:$F$327,0)),"")} -> 0 | E20: {=IFERROR(INDEX(Data_CT!I$2:I$327,MATCH($R$2&$R$1&$B20,Data_CT!$B$2:$B$327&Data_CT!$A$2:$A$327&Data_CT!$F$2:$F$327,0)),"")} -> 0 | F20: {=IFERROR(INDEX(Data_CT!J$2:J$327,MATCH($R$2&$R$1&$B20,Data_CT!$B$2:$B$327&Data_CT!$A$2:$A$327&Data_CT!$F$2:$F$327,0)),"")} -> 0 | G20: {=IFERROR(INDEX(Data_CT!K$2:K$327,MATCH($R$2&$R$1&$B20,Data_CT!$B$2:$B$327&Data_CT!$A$2:$A$327&Data_CT!$F$2:$F$327,0)),"")} -> 0 | H20: {=IFERROR(INDEX(Data_CT!L$2:L$327,MATCH($R$2&$R$1&$B20,Data_CT!$B$2:$B$327&Data_CT!$A$2:$A$327&Data_CT!$F$2:$F$327,0)),"")} -> 300000000 | I20: {=IFERROR(INDEX(Data_CT!M$2:M$327,MATCH($R$2&$R$1&$B20,Data_CT!$B$2:$B$327&Data_CT!$A$2:$A$327&Data_CT!$F$2:$F$327,0)),"")} -> 0 | J20: {=IFERROR(INDEX(Data_CT!N$2:N$327,MATCH($R$2&$R$1&$B20,Data_CT!$B$2:$B$327&Data_CT!$A$2:$A$327&Data_CT!$F$2:$F$327,0)),"")} -> 0 | K20: {=IFERROR(INDEX(Data_CT!O$2:O$327,MATCH($R$2&$R$1&$B20,Data_CT!$B$2:$B$327&Data_CT!$A$2:$A$327&Data_CT!$F$2:$F$327,0)),"")} -> 0 | M20: {=IFERROR(INDEX(Data_CT!P$2:P$327,MATCH($R$2&$R$1&$B20,Data_CT!$B$2:$B$327&Data_CT!$A$2:$A$327&Data_CT!$F$2:$F$327,0)),"")} -> 0 | N20: {=IFERROR(INDEX(Data_CT!Q$2:Q$327,MATCH($R$2&$R$1&$B20,Data_CT!$B$2:$B$327&Data_CT!$A$2:$A$327&Data_CT!$F$2:$F$327,0)),"")} -> 0 | P20: {=IFERROR(INDEX(Data_CT!R$2:R$327,MATCH($R$2&$R$1&$B20,Data_CT!$B$2:$B$327&Data_CT!$A$2:$A$327&Data_CT!$F$2:$F$327,0)),"")} -> 0
A21: 3 | B21: Lô 3B | C21: {=IFERROR(INDEX(Data_CT!G$2:G$327,MATCH($R$2&$R$1&$B21,Data_CT!$B$2:$B$327&Data_CT!$A$2:$A$327&Data_CT!$F$2:$F$327,0)),"")} -> 1629894000 | D21: {=IFERROR(INDEX(Data_CT!H$2:H$327,MATCH($R$2&$R$1&$B21,Data_CT!$B$2:$B$327&Data_CT!$A$2:$A$327&Data_CT!$F$2:$F$327,0)),"")} -> 1629894000 | E21: {=IFERROR(INDEX(Data_CT!I$2:I$327,MATCH($R$2&$R$1&$B21,Data_CT!$B$2:$B$327&Data_CT!$A$2:$A$327&Data_CT!$F$2:$F$327,0)),"")} -> 1629894000 | F21: {=IFERROR(INDEX(Data_CT!J$2:J$327,MATCH($R$2&$R$1&$B21,Data_CT!$B$2:$B$327&Data_CT!$A$2:$A$327&Data_CT!$F$2:$F$327,0)),"")} -> 0 | G21: {=IFERROR(INDEX(Data_CT!K$2:K$327,MATCH($R$2&$R$1&$B21,Data_CT!$B$2:$B$327&Data_CT!$A$2:$A$327&Data_CT!$F$2:$F$327,0)),"")} -> 0 | H21: {=IFERROR(INDEX(Data_CT!L$2:L$327,MATCH($R$2&$R$1&$B21,Data_CT!$B$2:$B$327&Data_CT!$A$2:$A$327&Data_CT!$F$2:$F$327,0)),"")} -> 0 | I21: {=IFERROR(INDEX(Data_CT!M$2:M$327,MATCH($R$2&$R$1&$B21,Data_CT!$B$2:$B$327&Data_CT!$A$2:$A$327&Data_CT!$F$2:$F$327,0)),"")} -> 0 | J21: {=IFERROR(INDEX(Data_CT!N$2:N$327,MATCH($R$2&$R$1&$B21,Data_CT!$B$2:$B$327&Data_CT!$A$2:$A$327&Data_CT!$F$2:$F$327,0)),"")} -> 1.3494444e+08 | K21: {=IFERROR(INDEX(Data_CT!O$2:O$327,MATCH($R$2&$R$1&$B21,Data_CT!$B$2:$B$327&Data_CT!$A$2:$A$327&Data_CT!$F$2:$F$327,0)),"")} -> 134944617 | M21: {=IFERROR(INDEX(Data_CT!P$2:P$327,MATCH($R$2&$R$1&$B21,Data_CT!$B$2:$B$327&Data_CT!$A$2:$A$327&Data_CT!$F$2:$F$327,0)),"")} -> 1629894000 | N21: {=IFERROR(INDEX(Data_CT!Q$2:Q$327,MATCH($R$2&$R$1&$B21,Data_CT!$B$2:$B$327&Data_CT!$A$2:$A$327&Data_CT!$F$2:$F$327,0)),"")} -> 0 | P21: {=IFERROR(INDEX(Data_CT!R$2:R$327,MATCH($R$2&$R$1&$B21,Data_CT!$B$2:$B$327&Data_CT!$A$2:$A$327&Data_CT!$F$2:$F$327,0)),"")} -> 0
A22: 4 | B22: Lô 4B | C22: {=IFERROR(INDEX(Data_CT!G$2:G$327,MATCH($R$2&$R$1&$B22,Data_CT!$B$2:$B$327&Data_CT!$A$2:$A$327&Data_CT!$F$2:$F$327,0)),"")} -> 1323642000 | D22: {=IFERROR(INDEX(Data_CT!H$2:H$327,MATCH($R$2&$R$1&$B22,Data_CT!$B$2:$B$327&Data_CT!$A$2:$A$327&Data_CT!$F$2:$F$327,0)),"")} -> 1323642000 | E22: {=IFERROR(INDEX(Data_CT!I$2:I$327,MATCH($R$2&$R$1&$B22,Data_CT!$B$2:$B$327&Data_CT!$A$2:$A$327&Data_CT!$F$2:$F$327,0)),"")} -> 1300000000 | F22: {=IFERROR(INDEX(Data_CT!J$2:J$327,MATCH($R$2&$R$1&$B22,Data_CT!$B$2:$B$327&Data_CT!$A$2:$A$327&Data_CT!$F$2:$F$327,0)),"")} -> 0 | G22: {=IFERROR(INDEX(Data_CT!K$2:K$327,MATCH($R$2&$R$1&$B22,Data_CT!$B$2:$B$327&Data_CT!$A$2:$A$327&Data_CT!$F$2:$F$327,0)),"")} -> 0 | H22: {=IFERROR(INDEX(Data_CT!L$2:L$327,MATCH($R$2&$R$1&$B22,Data_CT!$B$2:$B$327&Data_CT!$A$2:$A$327&Data_CT!$F$2:$F$327,0)),"")} -> 0 | I22: {=IFERROR(INDEX(Data_CT!M$2:M$327,MATCH($R$2&$R$1&$B22,Data_CT!$B$2:$B$327&Data_CT!$A$2:$A$327&Data_CT!$F$2:$F$327,0)),"")} -> 0 | J22: {=IFERROR(INDEX(Data_CT!N$2:N$327,MATCH($R$2&$R$1&$B22,Data_CT!$B$2:$B$327&Data_CT!$A$2:$A$327&Data_CT!$F$2:$F$327,0)),"")} -> 0 | K22: {=IFERROR(INDEX(Data_CT!O$2:O$327,MATCH($R$2&$R$1&$B22,Data_CT!$B$2:$B$327&Data_CT!$A$2:$A$327&Data_CT!$F$2:$F$327,0)),"")} -> 0 | M22: {=IFERROR(INDEX(Data_CT!P$2:P$327,MATCH($R$2&$R$1&$B22,Data_CT!$B$2:$B$327&Data_CT!$A$2:$A$327&Data_CT!$F$2:$F$327,0)),"")} | N22: {=IFERROR(INDEX(Data_CT!Q$2:Q$327,MATCH($R$2&$R$1&$B22,Data_CT!$B$2:$B$327&Data_CT!$A$2:$A$327&Data_CT!$F$2:$F$327,0)),"")} -> Xong khung BTCT | P22: {=IFERROR(INDEX(Data_CT!R$2:R$327,MATCH($R$2&$R$1&$B22,Data_CT!$B$2:$B$327&Data_CT!$A$2:$A$327&Data_CT!$F$2:$F$327,0)),"")} -> Xong khung BTCT
A23: 5 | B23: Lô 6B | C23: {=IFERROR(INDEX(Data_CT!G$2:G$327,MATCH($R$2&$R$1&$B23,Data_CT!$B$2:$B$327&Data_CT!$A$2:$A$327&Data_CT!$F$2:$F$327,0)),"")} -> 1352546000 | D23: {=IFERROR(INDEX(Data_CT!H$2:H$327,MATCH($R$2&$R$1&$B23,Data_CT!$B$2:$B$327&Data_CT!$A$2:$A$327&Data_CT!$F$2:$F$327,0)),"")} -> 1352546000 | E23: {=IFERROR(INDEX(Data_CT!I$2:I$327,MATCH($R$2&$R$1&$B23,Data_CT!$B$2:$B$327&Data_CT!$A$2:$A$327&Data_CT!$F$2:$F$327,0)),"")} -> 1300000000 | F23: {=IFERROR(INDEX(Data_CT!J$2:J$327,MATCH($R$2&$R$1&$B23,Data_CT!$B$2:$B$327&Data_CT!$A$2:$A$327&Data_CT!$F$2:$F$327,0)),"")} -> 0 | G23: {=IFERROR(INDEX(Data_CT!K$2:K$327,MATCH($R$2&$R$1&$B23,Data_CT!$B$2:$B$327&Data_CT!$A$2:$A$327&Data_CT!$F$2:$F$327,0)),"")} -> 0 | H23: {=IFERROR(INDEX(Data_CT!L$2:L$327,MATCH($R$2&$R$1&$B23,Data_CT!$B$2:$B$327&Data_CT!$A$2:$A$327&Data_CT!$F$2:$F$327,0)),"")} -> 0 | I23: {=IFERROR(INDEX(Data_CT!M$2:M$327,MATCH($R$2&$R$1&$B23,Data_CT!$B$2:$B$327&Data_CT!$A$2:$A$327&Data_CT!$F$2:$F$327,0)),"")} -> 0 | J23: {=IFERROR(INDEX(Data_CT!N$2:N$327,MATCH($R$2&$R$1&$B23,Data_CT!$B$2:$B$327&Data_CT!$A$2:$A$327&Data_CT!$F$2:$F$327,0)),"")} -> 0 | K23: {=IFERROR(INDEX(Data_CT!O$2:O$327,MATCH($R$2&$R$1&$B23,Data_CT!$B$2:$B$327&Data_CT!$A$2:$A$327&Data_CT!$F$2:$F$327,0)),"")} -> 0 | M23: {=IFERROR(INDEX(Data_CT!P$2:P$327,MATCH($R$2&$R$1&$B23,Data_CT!$B$2:$B$327&Data_CT!$A$2:$A$327&Data_CT!$F$2:$F$327,0)),"")} | N23: {=IFERROR(INDEX(Data_CT!Q$2:Q$327,MATCH($R$2&$R$1&$B23,Data_CT!$B$2:$B$327&Data_CT!$A$2:$A$327&Data_CT!$F$2:$F$327,0)),"")} -> Xong khung BTCT | P23: {=IFERROR(INDEX(Data_CT!R$2:R$327,MATCH($R$2&$R$1&$B23,Data_CT!$B$2:$B$327&Data_CT!$A$2:$A$327&Data_CT!$F$2:$F$327,0)),"")} -> Xong khung BTCT | Q23: đđặt
A24: 6 | B24: Lô 7B | C24: {=IFERROR(INDEX(Data_CT!G$2:G$327,MATCH($R$2&$R$1&$B24,Data_CT!$B$2:$B$327&Data_CT!$A$2:$A$327&Data_CT!$F$2:$F$327,0)),"")} -> 1221751000 | D24: {=IFERROR(INDEX(Data_CT!H$2:H$327,MATCH($R$2&$R$1&$B24,Data_CT!$B$2:$B$327&Data_CT!$A$2:$A$327&Data_CT!$F$2:$F$327,0)),"")} -> 1221751000 | E24: {=IFERROR(INDEX(Data_CT!I$2:I$327,MATCH($R$2&$R$1&$B24,Data_CT!$B$2:$B$327&Data_CT!$A$2:$A$327&Data_CT!$F$2:$F$327,0)),"")} -> 1100000000 | F24: {=IFERROR(INDEX(Data_CT!J$2:J$327,MATCH($R$2&$R$1&$B24,Data_CT!$B$2:$B$327&Data_CT!$A$2:$A$327&Data_CT!$F$2:$F$327,0)),"")} -> 0 | G24: {=IFERROR(INDEX(Data_CT!K$2:K$327,MATCH($R$2&$R$1&$B24,Data_CT!$B$2:$B$327&Data_CT!$A$2:$A$327&Data_CT!$F$2:$F$327,0)),"")} -> 0 | H24: {=IFERROR(INDEX(Data_CT!L$2:L$327,MATCH($R$2&$R$1&$B24,Data_CT!$B$2:$B$327&Data_CT!$A$2:$A$327&Data_CT!$F$2:$F$327,0)),"")} -> 200000000 | I24: {=IFERROR(INDEX(Data_CT!M$2:M$327,MATCH($R$2&$R$1&$B24,Data_CT!$B$2:$B$327&Data_CT!$A$2:$A$327&Data_CT!$F$2:$F$327,0)),"")} -> 0 | J24: {=IFERROR(INDEX(Data_CT!N$2:N$327,MATCH($R$2&$R$1&$B24,Data_CT!$B$2:$B$327&Data_CT!$A$2:$A$327&Data_CT!$F$2:$F$327,0)),"")} -> 56776852 | K24: {=IFERROR(INDEX(Data_CT!O$2:O$327,MATCH($R$2&$R$1&$B24,Data_CT!$B$2:$B$327&Data_CT!$A$2:$A$327&Data_CT!$F$2:$F$327,0)),"")} -> 0 | M24: {=IFERROR(INDEX(Data_CT!P$2:P$327,MATCH($R$2&$R$1&$B24,Data_CT!$B$2:$B$327&Data_CT!$A$2:$A$327&Data_CT!$F$2:$F$327,0)),"")} | N24: {=IFERROR(INDEX(Data_CT!Q$2:Q$327,MATCH($R$2&$R$1&$B24,Data_CT!$B$2:$B$327&Data_CT!$A$2:$A$327&Data_CT!$F$2:$F$327,0)),"")} -> Xong khung BTCT | P24: {=IFERROR(INDEX(Data_CT!R$2:R$327,MATCH($R$2&$R$1&$B24,Data_CT!$B$2:$B$327&Data_CT!$A$2:$A$327&Data_CT!$F$2:$F$327,0)),"")} -> Xong khung BTCT
A25: 7 | B25: Lô 8B | C25: {=IFERROR(INDEX(Data_CT!G$2:G$327,MATCH($R$2&$R$1&$B25,Data_CT!$B$2:$B$327&Data_CT!$A$2:$A$327&Data_CT!$F$2:$F$327,0)),"")} -> 1195530000 | D25: {=IFERROR(INDEX(Data_CT!H$2:H$327,MATCH($R$2&$R$1&$B25,Data_CT!$B$2:$B$327&Data_CT!$A$2:$A$327&Data_CT!$F$2:$F$327,0)),"")} -> 1195530000 | E25: {=IFERROR(INDEX(Data_CT!I$2:I$327,MATCH($R$2&$R$1&$B25,Data_CT!$B$2:$B$327&Data_CT!$A$2:$A$327&Data_CT!$F$2:$F$327,0)),"")} -> 1195530000 | F25: {=IFERROR(INDEX(Data_CT!J$2:J$327,MATCH($R$2&$R$1&$B25,Data_CT!$B$2:$B$327&Data_CT!$A$2:$A$327&Data_CT!$F$2:$F$327,0)),"")} -> 0 | G25: {=IFERROR(INDEX(Data_CT!K$2:K$327,MATCH($R$2&$R$1&$B25,Data_CT!$B$2:$B$327&Data_CT!$A$2:$A$327&Data_CT!$F$2:$F$327,0)),"")} -> 0 | H25: {=IFERROR(INDEX(Data_CT!L$2:L$327,MATCH($R$2&$R$1&$B25,Data_CT!$B$2:$B$327&Data_CT!$A$2:$A$327&Data_CT!$F$2:$F$327,0)),"")} -> 0 | I25: {=IFERROR(INDEX(Data_CT!M$2:M$327,MATCH($R$2&$R$1&$B25,Data_CT!$B$2:$B$327&Data_CT!$A$2:$A$327&Data_CT!$F$2:$F$327,0)),"")} -> 0 | J25: {=IFERROR(INDEX(Data_CT!N$2:N$327,MATCH($R$2&$R$1&$B25,Data_CT!$B$2:$B$327&Data_CT!$A$2:$A$327&Data_CT!$F$2:$F$327,0)),"")} -> 1.4184815e+08 | K25: {=IFERROR(INDEX(Data_CT!O$2:O$327,MATCH($R$2&$R$1&$B25,Data_CT!$B$2:$B$327&Data_CT!$A$2:$A$327&Data_CT!$F$2:$F$327,0)),"")} -> 141848544 | M25: {=IFERROR(INDEX(Data_CT!P$2:P$327,MATCH($R$2&$R$1&$B25,Data_CT!$B$2:$B$327&Data_CT!$A$2:$A$327&Data_CT!$F$2:$F$327,0)),"")} -> 1195530000 | N25: {=IFERROR(INDEX(Data_CT!Q$2:Q$327,MATCH($R$2&$R$1&$B25,Data_CT!$B$2:$B$327&Data_CT!$A$2:$A$327&Data_CT!$F$2:$F$327,0)),"")} -> 0 | P25: {=IFERROR(INDEX(Data_CT!R$2:R$327,MATCH($R$2&$R$1&$B25,Data_CT!$B$2:$B$327&Data_CT!$A$2:$A$327&Data_CT!$F$2:$F$327,0)),"")} -> 0
A26: 8 | B26: Lô 9B | C26: {=IFERROR(INDEX(Data_CT!G$2:G$327,MATCH($R$2&$R$1&$B26,Data_CT!$B$2:$B$327&Data_CT!$A$2:$A$327&Data_CT!$F$2:$F$327,0)),"")} -> 1487132000 | D26: {=IFERROR(INDEX(Data_CT!H$2:H$327,MATCH($R$2&$R$1&$B26,Data_CT!$B$2:$B$327&Data_CT!$A$2:$A$327&Data_CT!$F$2:$F$327,0)),"")} -> 1487132000 | E26: {=IFERROR(INDEX(Data_CT!I$2:I$327,MATCH($R$2&$R$1&$B26,Data_CT!$B$2:$B$327&Data_CT!$A$2:$A$327&Data_CT!$F$2:$F$327,0)),"")} -> 1150000000 | F26: {=IFERROR(INDEX(Data_CT!J$2:J$327,MATCH($R$2&$R$1&$B26,Data_CT!$B$2:$B$327&Data_CT!$A$2:$A$327&Data_CT!$F$2:$F$327,0)),"")} -> 0 | G26: {=IFERROR(INDEX(Data_CT!K$2:K$327,MATCH($R$2&$R$1&$B26,Data_CT!$B$2:$B$327&Data_CT!$A$2:$A$327&Data_CT!$F$2:$F$327,0)),"")} -> 0 | H26: {=IFERROR(INDEX(Data_CT!L$2:L$327,MATCH($R$2&$R$1&$B26,Data_CT!$B$2:$B$327&Data_CT!$A$2:$A$327&Data_CT!$F$2:$F$327,0)),"")} -> 0 | I26: {=IFERROR(INDEX(Data_CT!M$2:M$327,MATCH($R$2&$R$1&$B26,Data_CT!$B$2:$B$327&Data_CT!$A$2:$A$327&Data_CT!$F$2:$F$327,0)),"")} -> 0 | J26: {=IFERROR(INDEX(Data_CT!N$2:N$327,MATCH($R$2&$R$1&$B26,Data_CT!$B$2:$B$327&Data_CT!$A$2:$A$327&Data_CT!$F$2:$F$327,0)),"")} -> 99454630 | K26: {=IFERROR(INDEX(Data_CT!O$2:O$327,MATCH($R$2&$R$1&$B26,Data_CT!$B$2:$B$327&Data_CT!$A$2:$A$327&Data_CT!$F$2:$F$327,0)),"")} -> 99454630 | M26: {=IFERROR(INDEX(Data_CT!P$2:P$327,MATCH($R$2&$R$1&$B26,Data_CT!$B$2:$B$327&Data_CT!$A$2:$A$327&Data_CT!$F$2:$F$327,0)),"")} | N26: {=IFERROR(INDEX(Data_CT!Q$2:Q$327,MATCH($R$2&$R$1&$B26,Data_CT!$B$2:$B$327&Data_CT!$A$2:$A$327&Data_CT!$F$2:$F$327,0)),"")} -> Xong khung BTCT | P26: {=IFERROR(INDEX(Data_CT!R$2:R$327,MATCH($R$2&$R$1&$B26,Data_CT!$B$2:$B$327&Data_CT!$A$2:$A$327&Data_CT!$F$2:$F$327,0)),"")} -> Xong khung BTCT
A27: 9 | B27: Lô 12B | C27: {=IFERROR(INDEX(Data_CT!G$2:G$327,MATCH($R$2&$R$1&$B27,Data_CT!$B$2:$B$327&Data_CT!$A$2:$A$327&Data_CT!$F$2:$F$327,0)),"")} -> 1590793000 | D27: {=IFERROR(INDEX(Data_CT!H$2:H$327,MATCH($R$2&$R$1&$B27,Data_CT!$B$2:$B$327&Data_CT!$A$2:$A$327&Data_CT!$F$2:$F$327,0)),"")} -> 520020000 | E27: {=IFERROR(INDEX(Data_CT!I$2:I$327,MATCH($R$2&$R$1&$B27,Data_CT!$B$2:$B$327&Data_CT!$A$2:$A$327&Data_CT!$F$2:$F$327,0)),"")} -> 400000000 | F27: {=IFERROR(INDEX(Data_CT!J$2:J$327,MATCH($R$2&$R$1&$B27,Data_CT!$B$2:$B$327&Data_CT!$A$2:$A$327&Data_CT!$F$2:$F$327,0)),"")} -> 0 | G27: {=IFERROR(INDEX(Data_CT!K$2:K$327,MATCH($R$2&$R$1&$B27,Data_CT!$B$2:$B$327&Data_CT!$A$2:$A$327&Data_CT!$F$2:$F$327,0)),"")} -> 0 | H27: {=IFERROR(INDEX(Data_CT!L$2:L$327,MATCH($R$2&$R$1&$B27,Data_CT!$B$2:$B$327&Data_CT!$A$2:$A$327&Data_CT!$F$2:$F$327,0)),"")} -> 0 | I27: {=IFERROR(INDEX(Data_CT!M$2:M$327,MATCH($R$2&$R$1&$B27,Data_CT!$B$2:$B$327&Data_CT!$A$2:$A$327&Data_CT!$F$2:$F$327,0)),"")} -> 0 | J27: {=IFERROR(INDEX(Data_CT!N$2:N$327,MATCH($R$2&$R$1&$B27,Data_CT!$B$2:$B$327&Data_CT!$A$2:$A$327&Data_CT!$F$2:$F$327,0)),"")} -> 0 | K27: {=IFERROR(INDEX(Data_CT!O$2:O$327,MATCH($R$2&$R$1&$B27,Data_CT!$B$2:$B$327&Data_CT!$A$2:$A$327&Data_CT!$F$2:$F$327,0)),"")} -> 0 | M27: {=IFERROR(INDEX(Data_CT!P$2:P$327,MATCH($R$2&$R$1&$B27,Data_CT!$B$2:$B$327&Data_CT!$A$2:$A$327&Data_CT!$F$2:$F$327,0)),"")} | N27: {=IFERROR(INDEX(Data_CT!Q$2:Q$327,MATCH($R$2&$R$1&$B27,Data_CT!$B$2:$B$327&Data_CT!$A$2:$A$327&Data_CT!$F$2:$F$327,0)),"")} -> 0 | P27: {=IFERROR(INDEX(Data_CT!R$2:R$327,MATCH($R$2&$R$1&$B27,Data_CT!$B$2:$B$327&Data_CT!$A$2:$A$327&Data_CT!$F$2:$F$327,0)),"")} -> 0
A28: 10 | B28: Lô 13B-A | C28: {=IFERROR(INDEX(Data_CT!G$2:G$327,MATCH($R$2&$R$1&$B28,Data_CT!$B$2:$B$327&Data_CT!$A$2:$A$327&Data_CT!$F$2:$F$327,0)),"")} -> 1386198000 | D28: {=IFERROR(INDEX(Data_CT!H$2:H$327,MATCH($R$2&$R$1&$B28,Data_CT!$B$2:$B$327&Data_CT!$A$2:$A$327&Data_CT!$F$2:$F$327,0)),"")} -> 220603680 | E28: {=IFERROR(INDEX(Data_CT!I$2:I$327,MATCH($R$2&$R$1&$B28,Data_CT!$B$2:$B$327&Data_CT!$A$2:$A$327&Data_CT!$F$2:$F$327,0)),"")} -> 200000000 | F28: {=IFERROR(INDEX(Data_CT!J$2:J$327,MATCH($R$2&$R$1&$B28,Data_CT!$B$2:$B$327&Data_CT!$A$2:$A$327&Data_CT!$F$2:$F$327,0)),"")} -> 0 | G28: {=IFERROR(INDEX(Data_CT!K$2:K$327,MATCH($R$2&$R$1&$B28,Data_CT!$B$2:$B$327&Data_CT!$A$2:$A$327&Data_CT!$F$2:$F$327,0)),"")} -> 0 | H28: {=IFERROR(INDEX(Data_CT!L$2:L$327,MATCH($R$2&$R$1&$B28,Data_CT!$B$2:$B$327&Data_CT!$A$2:$A$327&Data_CT!$F$2:$F$327,0)),"")} -> 0 | I28: {=IFERROR(INDEX(Data_CT!M$2:M$327,MATCH($R$2&$R$1&$B28,Data_CT!$B$2:$B$327&Data_CT!$A$2:$A$327&Data_CT!$F$2:$F$327,0)),"")} -> 0 | J28: {=IFERROR(INDEX(Data_CT!N$2:N$327,MATCH($R$2&$R$1&$B28,Data_CT!$B$2:$B$327&Data_CT!$A$2:$A$327&Data_CT!$F$2:$F$327,0)),"")} -> 0 | K28: {=IFERROR(INDEX(Data_CT!O$2:O$327,MATCH($R$2&$R$1&$B28,Data_CT!$B$2:$B$327&Data_CT!$A$2:$A$327&Data_CT!$F$2:$F$327,0)),"")} -> 0 | M28: {=IFERROR(INDEX(Data_CT!P$2:P$327,MATCH($R$2&$R$1&$B28,Data_CT!$B$2:$B$327&Data_CT!$A$2:$A$327&Data_CT!$F$2:$F$327,0)),"")} | N28: {=IFERROR(INDEX(Data_CT!Q$2:Q$327,MATCH($R$2&$R$1&$B28,Data_CT!$B$2:$B$327&Data_CT!$A$2:$A$327&Data_CT!$F$2:$F$327,0)),"")} -> Mái tầng 1 | P28: {=IFERROR(INDEX(Data_CT!R$2:R$327,MATCH($R$2&$R$1&$B28,Data_CT!$B$2:$B$327&Data_CT!$A$2:$A$327&Data_CT!$F$2:$F$327,0)),"")} -> Móng
A29: 11 | B29: Lô 13B-B | C29: {=IFERROR(INDEX(Data_CT!G$2:G$327,MATCH($R$2&$R$1&$B29,Data_CT!$B$2:$B$327&Data_CT!$A$2:$A$327&Data_CT!$F$2:$F$327,0)),"")} -> 1151187000 | D29: {=IFERROR(INDEX(Data_CT!H$2:H$327,MATCH($R$2&$R$1&$B29,Data_CT!$B$2:$B$327&Data_CT!$A$2:$A$327&Data_CT!$F$2:$F$327,0)),"")} -> 1151187000 | E29: {=IFERROR(INDEX(Data_CT!I$2:I$327,MATCH($R$2&$R$1&$B29,Data_CT!$B$2:$B$327&Data_CT!$A$2:$A$327&Data_CT!$F$2:$F$327,0)),"")} -> 1151187000 | F29: {=IFERROR(INDEX(Data_CT!J$2:J$327,MATCH($R$2&$R$1&$B29,Data_CT!$B$2:$B$327&Data_CT!$A$2:$A$327&Data_CT!$F$2:$F$327,0)),"")} -> 0 | G29: {=IFERROR(INDEX(Data_CT!K$2:K$327,MATCH($R$2&$R$1&$B29,Data_CT!$B$2:$B$327&Data_CT!$A$2:$A$327&Data_CT!$F$2:$F$327,0)),"")} -> 0 | H29: {=IFERROR(INDEX(Data_CT!L$2:L$327,MATCH($R$2&$R$1&$B29,Data_CT!$B$2:$B$327&Data_CT!$A$2:$A$327&Data_CT!$F$2:$F$327,0)),"")} -> 0 | I29: {=IFERROR(INDEX(Data_CT!M$2:M$327,MATCH($R$2&$R$1&$B29,Data_CT!$B$2:$B$327&Data_CT!$A$2:$A$327&Data_CT!$F$2:$F$327,0)),"")} -> 0 | J29: {=IFERROR(INDEX(Data_CT!N$2:N$327,MATCH($R$2&$R$1&$B29,Data_CT!$B$2:$B$327&Data_CT!$A$2:$A$327&Data_CT!$F$2:$F$327,0)),"")} -> 139475000 | K29: {=IFERROR(INDEX(Data_CT!O$2:O$327,MATCH($R$2&$R$1&$B29,Data_CT!$B$2:$B$327&Data_CT!$A$2:$A$327&Data_CT!$F$2:$F$327,0)),"")} -> 139474971 | M29: {=IFERROR(INDEX(Data_CT!P$2:P$327,MATCH($R$2&$R$1&$B29,Data_CT!$B$2:$B$327&Data_CT!$A$2:$A$327&Data_CT!$F$2:$F$327,0)),"")} -> 1151187000 | N29: {=IFERROR(INDEX(Data_CT!Q$2:Q$327,MATCH($R$2&$R$1&$B29,Data_CT!$B$2:$B$327&Data_CT!$A$2:$A$327&Data_CT!$F$2:$F$327,0)),"")} -> 0 | P29: {=IFERROR(INDEX(Data_CT!R$2:R$327,MATCH($R$2&$R$1&$B29,Data_CT!$B$2:$B$327&Data_CT!$A$2:$A$327&Data_CT!$F$2:$F$327,0)),"")} -> 0
A30: 12 | B30: Lô 14B | C30: {=IFERROR(INDEX(Data_CT!G$2:G$327,MATCH($R$2&$R$1&$B30,Data_CT!$B$2:$B$327&Data_CT!$A$2:$A$327&Data_CT!$F$2:$F$327,0)),"")} -> 1599758000 | D30: {=IFERROR(INDEX(Data_CT!H$2:H$327,MATCH($R$2&$R$1&$B30,Data_CT!$B$2:$B$327&Data_CT!$A$2:$A$327&Data_CT!$F$2:$F$327,0)),"")} -> 1599758000 | E30: {=IFERROR(INDEX(Data_CT!I$2:I$327,MATCH($R$2&$R$1&$B30,Data_CT!$B$2:$B$327&Data_CT!$A$2:$A$327&Data_CT!$F$2:$F$327,0)),"")} -> 1599758000 | F30: {=IFERROR(INDEX(Data_CT!J$2:J$327,MATCH($R$2&$R$1&$B30,Data_CT!$B$2:$B$327&Data_CT!$A$2:$A$327&Data_CT!$F$2:$F$327,0)),"")} -> 0 | G30: {=IFERROR(INDEX(Data_CT!K$2:K$327,MATCH($R$2&$R$1&$B30,Data_CT!$B$2:$B$327&Data_CT!$A$2:$A$327&Data_CT!$F$2:$F$327,0)),"")} -> 0 | H30: {=IFERROR(INDEX(Data_CT!L$2:L$327,MATCH($R$2&$R$1&$B30,Data_CT!$B$2:$B$327&Data_CT!$A$2:$A$327&Data_CT!$F$2:$F$327,0)),"")} -> 0 | I30: {=IFERROR(INDEX(Data_CT!M$2:M$327,MATCH($R$2&$R$1&$B30,Data_CT!$B$2:$B$327&Data_CT!$A$2:$A$327&Data_CT!$F$2:$F$327,0)),"")} -> 0 | J30: {=IFERROR(INDEX(Data_CT!N$2:N$327,MATCH($R$2&$R$1&$B30,Data_CT!$B$2:$B$327&Data_CT!$A$2:$A$327&Data_CT!$F$2:$F$327,0)),"")} -> 0 | K30: {=IFERROR(INDEX(Data_CT!O$2:O$327,MATCH($R$2&$R$1&$B30,Data_CT!$B$2:$B$327&Data_CT!$A$2:$A$327&Data_CT!$F$2:$F$327,0)),"")} -> 135344191 | M30: {=IFERROR(INDEX(Data_CT!P$2:P$327,MATCH($R$2&$R$1&$B30,Data_CT!$B$2:$B$327&Data_CT!$A$2:$A$327&Data_CT!$F$2:$F$327,0)),"")} -> 1599758000 | N30: {=IFERROR(INDEX(Data_CT!Q$2:Q$327,MATCH($R$2&$R$1&$B30,Data_CT!$B$2:$B$327&Data_CT!$A$2:$A$327&Data_CT!$F$2:$F$327,0)),"")} -> Xong khung BTCT | P30: {=IFERROR(INDEX(Data_CT!R$2:R$327,MATCH($R$2&$R$1&$B30,Data_CT!$B$2:$B$327&Data_CT!$A$2:$A$327&Data_CT!$F$2:$F$327,0)),"")} -> Xong khung BTCT
A31: 13 | B31: Lô 15B | C31: {=IFERROR(INDEX(Data_CT!G$2:G$327,MATCH($R$2&$R$1&$B31,Data_CT!$B$2:$B$327&Data_CT!$A$2:$A$327&Data_CT!$F$2:$F$327,0)),"")} -> 1512938000 | D31: {=IFERROR(INDEX(Data_CT!H$2:H$327,MATCH($R$2&$R$1&$B31,Data_CT!$B$2:$B$327&Data_CT!$A$2:$A$327&Data_CT!$F$2:$F$327,0)),"")} -> 1512938000 | E31: {=IFERROR(INDEX(Data_CT!I$2:I$327,MATCH($R$2&$R$1&$B31,Data_CT!$B$2:$B$327&Data_CT!$A$2:$A$327&Data_CT!$F$2:$F$327,0)),"")} -> 1512938000 | F31: {=IFERROR(INDEX(Data_CT!J$2:J$327,MATCH($R$2&$R$1&$B31,Data_CT!$B$2:$B$327&Data_CT!$A$2:$A$327&Data_CT!$F$2:$F$327,0)),"")} -> 0 | G31: {=IFERROR(INDEX(Data_CT!K$2:K$327,MATCH($R$2&$R$1&$B31,Data_CT!$B$2:$B$327&Data_CT!$A$2:$A$327&Data_CT!$F$2:$F$327,0)),"")} -> 0 | H31: {=IFERROR(INDEX(Data_CT!L$2:L$327,MATCH($R$2&$R$1&$B31,Data_CT!$B$2:$B$327&Data_CT!$A$2:$A$327&Data_CT!$F$2:$F$327,0)),"")} -> 0 | I31: {=IFERROR(INDEX(Data_CT!M$2:M$327,MATCH($R$2&$R$1&$B31,Data_CT!$B$2:$B$327&Data_CT!$A$2:$A$327&Data_CT!$F$2:$F$327,0)),"")} -> 0 | J31: {=IFERROR(INDEX(Data_CT!N$2:N$327,MATCH($R$2&$R$1&$B31,Data_CT!$B$2:$B$327&Data_CT!$A$2:$A$327&Data_CT!$F$2:$F$327,0)),"")} -> 1.4588333e+08 | K31: {=IFERROR(INDEX(Data_CT!O$2:O$327,MATCH($R$2&$R$1&$B31,Data_CT!$B$2:$B$327&Data_CT!$A$2:$A$327&Data_CT!$F$2:$F$327,0)),"")} -> 145883155 | M31: {=IFERROR(INDEX(Data_CT!P$2:P$327,MATCH($R$2&$R$1&$B31,Data_CT!$B$2:$B$327&Data_CT!$A$2:$A$327&Data_CT!$F$2:$F$327,0)),"")} -> 1512938000 | N31: {=IFERROR(INDEX(Data_CT!Q$2:Q$327,MATCH($R$2&$R$1&$B31,Data_CT!$B$2:$B$327&Data_CT!$A$2:$A$327&Data_CT!$F$2:$F$327,0)),"")} -> 0 | P31: {=IFERROR(INDEX(Data_CT!R$2:R$327,MATCH($R$2&$R$1&$B31,Data_CT!$B$2:$B$327&Data_CT!$A$2:$A$327&Data_CT!$F$2:$F$327,0)),"")} -> 0
A32: 14 | B32: Lô 16B | C32: {=IFERROR(INDEX(Data_CT!G$2:G$327,MATCH($R$2&$R$1&$B32,Data_CT!$B$2:$B$327&Data_CT!$A$2:$A$327&Data_CT!$F$2:$F$327,0)),"")} -> 1593398000 | D32: {=IFERROR(INDEX(Data_CT!H$2:H$327,MATCH($R$2&$R$1&$B32,Data_CT!$B$2:$B$327&Data_CT!$A$2:$A$327&Data_CT!$F$2:$F$327,0)),"")} -> 1593398000 | E32: {=IFERROR(INDEX(Data_CT!I$2:I$327,MATCH($R$2&$R$1&$B32,Data_CT!$B$2:$B$327&Data_CT!$A$2:$A$327&Data_CT!$F$2:$F$327,0)),"")} -> 1593398000 | F32: {=IFERROR(INDEX(Data_CT!J$2:J$327,MATCH($R$2&$R$1&$B32,Data_CT!$B$2:$B$327&Data_CT!$A$2:$A$327&Data_CT!$F$2:$F$327,0)),"")} -> 0 | G32: {=IFERROR(INDEX(Data_CT!K$2:K$327,MATCH($R$2&$R$1&$B32,Data_CT!$B$2:$B$327&Data_CT!$A$2:$A$327&Data_CT!$F$2:$F$327,0)),"")} -> 0 | H32: {=IFERROR(INDEX(Data_CT!L$2:L$327,MATCH($R$2&$R$1&$B32,Data_CT!$B$2:$B$327&Data_CT!$A$2:$A$327&Data_CT!$F$2:$F$327,0)),"")} -> 0 | I32: {=IFERROR(INDEX(Data_CT!M$2:M$327,MATCH($R$2&$R$1&$B32,Data_CT!$B$2:$B$327&Data_CT!$A$2:$A$327&Data_CT!$F$2:$F$327,0)),"")} -> 0 | J32: {=IFERROR(INDEX(Data_CT!N$2:N$327,MATCH($R$2&$R$1&$B32,Data_CT!$B$2:$B$327&Data_CT!$A$2:$A$327&Data_CT!$F$2:$F$327,0)),"")} -> 113004630 | K32: {=IFERROR(INDEX(Data_CT!O$2:O$327,MATCH($R$2&$R$1&$B32,Data_CT!$B$2:$B$327&Data_CT!$A$2:$A$327&Data_CT!$F$2:$F$327,0)),"")} -> 113004411 | M32: {=IFERROR(INDEX(Data_CT!P$2:P$327,MATCH($R$2&$R$1&$B32,Data_CT!$B$2:$B$327&Data_CT!$A$2:$A$327&Data_CT!$F$2:$F$327,0)),"")} -> 1593398000 | N32: {=IFERROR(INDEX(Data_CT!Q$2:Q$327,MATCH($R$2&$R$1&$B32,Data_CT!$B$2:$B$327&Data_CT!$A$2:$A$327&Data_CT!$F$2:$F$327,0)),"")} -> 0 | P32: {=IFERROR(INDEX(Data_CT!R$2:R$327,MATCH($R$2&$R$1&$B32,Data_CT!$B$2:$B$327&Data_CT!$A$2:$A$327&Data_CT!$F$2:$F$327,0)),"")} -> 0
A33: 15 | B33: Lô 17B | C33: {=IFERROR(INDEX(Data_CT!G$2:G$327,MATCH($R$2&$R$1&$B33,Data_CT!$B$2:$B$327&Data_CT!$A$2:$A$327&Data_CT!$F$2:$F$327,0)),"")} -> 1168758000 | D33: {=IFERROR(INDEX(Data_CT!H$2:H$327,MATCH($R$2&$R$1&$B33,Data_CT!$B$2:$B$327&Data_CT!$A$2:$A$327&Data_CT!$F$2:$F$327,0)),"")} -> 1168758000 | E33: {=IFERROR(INDEX(Data_CT!I$2:I$327,MATCH($R$2&$R$1&$B33,Data_CT!$B$2:$B$327&Data_CT!$A$2:$A$327&Data_CT!$F$2:$F$327,0)),"")} -> 300000000 | F33: {=IFERROR(INDEX(Data_CT!J$2:J$327,MATCH($R$2&$R$1&$B33,Data_CT!$B$2:$B$327&Data_CT!$A$2:$A$327&Data_CT!$F$2:$F$327,0)),"")} -> 0 | G33: {=IFERROR(INDEX(Data_CT!K$2:K$327,MATCH($R$2&$R$1&$B33,Data_CT!$B$2:$B$327&Data_CT!$A$2:$A$327&Data_CT!$F$2:$F$327,0)),"")} -> 0 | H33: {=IFERROR(INDEX(Data_CT!L$2:L$327,MATCH($R$2&$R$1&$B33,Data_CT!$B$2:$B$327&Data_CT!$A$2:$A$327&Data_CT!$F$2:$F$327,0)),"")} -> 0 | I33: {=IFERROR(INDEX(Data_CT!M$2:M$327,MATCH($R$2&$R$1&$B33,Data_CT!$B$2:$B$327&Data_CT!$A$2:$A$327&Data_CT!$F$2:$F$327,0)),"")} -> 0 | J33: {=IFERROR(INDEX(Data_CT!N$2:N$327,MATCH($R$2&$R$1&$B33,Data_CT!$B$2:$B$327&Data_CT!$A$2:$A$327&Data_CT!$F$2:$F$327,0)),"")} -> 0 | K33: {=IFERROR(INDEX(Data_CT!O$2:O$327,MATCH($R$2&$R$1&$B33,Data_CT!$B$2:$B$327&Data_CT!$A$2:$A$327&Data_CT!$F$2:$F$327,0)),"")} -> 0 | M33: {=IFERROR(INDEX(Data_CT!P$2:P$327,MATCH($R$2&$R$1&$B33,Data_CT!$B$2:$B$327&Data_CT!$A$2:$A$327&Data_CT!$F$2:$F$327,0)),"")} | N33: {=IFERROR(INDEX(Data_CT!Q$2:Q$327,MATCH($R$2&$R$1&$B33,Data_CT!$B$2:$B$327&Data_CT!$A$2:$A$327&Data_CT!$F$2:$F$327,0)),"")} -> 0 | P33: {=IFERROR(INDEX(Data_CT!R$2:R$327,MATCH($R$2&$R$1&$B33,Data_CT!$B$2:$B$327&Data_CT!$A$2:$A$327&Data_CT!$F$2:$F$327,0)),"")} -> Xong khung BTCT
A34: C | D34: 0 | E34: 0
A35: 1 | B35: Lô 1C | C35: {=IFERROR(INDEX(Data_CT!G$2:G$327,MATCH($R$2&$R$1&$B35,Data_CT!$B$2:$B$327&Data_CT!$A$2:$A$327&Data_CT!$F$2:$F$327,0)),"")} -> 1566568000 | D35: {=IFERROR(INDEX(Data_CT!H$2:H$327,MATCH($R$2&$R$1&$B35,Data_CT!$B$2:$B$327&Data_CT!$A$2:$A$327&Data_CT!$F$2:$F$327,0)),"")} -> 1566568000 | E35: {=IFERROR(INDEX(Data_CT!I$2:I$327,MATCH($R$2&$R$1&$B35,Data_CT!$B$2:$B$327&Data_CT!$A$2:$A$327&Data_CT!$F$2:$F$327,0)),"")} -> 1566568000 | F35: {=IFERROR(INDEX(Data_CT!J$2:J$327,MATCH($R$2&$R$1&$B35,Data_CT!$B$2:$B$327&Data_CT!$A$2:$A$327&Data_CT!$F$2:$F$327,0)),"")} -> 0 | G35: {=IFERROR(INDEX(Data_CT!K$2:K$327,MATCH($R$2&$R$1&$B35,Data_CT!$B$2:$B$327&Data_CT!$A$2:$A$327&Data_CT!$F$2:$F$327,0)),"")} -> 0 | H35: {=IFERROR(INDEX(Data_CT!L$2:L$327,MATCH($R$2&$R$1&$B35,Data_CT!$B$2:$B$327&Data_CT!$A$2:$A$327&Data_CT!$F$2:$F$327,0)),"")} -> 0 | I35: {=IFERROR(INDEX(Data_CT!M$2:M$327,MATCH($R$2&$R$1&$B35,Data_CT!$B$2:$B$327&Data_CT!$A$2:$A$327&Data_CT!$F$2:$F$327,0)),"")} -> 0 | J35: {=IFERROR(INDEX(Data_CT!N$2:N$327,MATCH($R$2&$R$1&$B35,Data_CT!$B$2:$B$327&Data_CT!$A$2:$A$327&Data_CT!$F$2:$F$327,0)),"")} -> 2.039287e+08 | K35: {=IFERROR(INDEX(Data_CT!O$2:O$327,MATCH($R$2&$R$1&$B35,Data_CT!$B$2:$B$327&Data_CT!$A$2:$A$327&Data_CT!$F$2:$F$327,0)),"")} -> 203928704 | M35: {=IFERROR(INDEX(Data_CT!P$2:P$327,MATCH($R$2&$R$1&$B35,Data_CT!$B$2:$B$327&Data_CT!$A$2:$A$327&Data_CT!$F$2:$F$327,0)),"")} -> 1566568000 | N35: {=IFERROR(INDEX(Data_CT!Q$2:Q$327,MATCH($R$2&$R$1&$B35,Data_CT!$B$2:$B$327&Data_CT!$A$2:$A$327&Data_CT!$F$2:$F$327,0)),"")} -> 0 | P35: {=IFERROR(INDEX(Data_CT!R$2:R$327,MATCH($R$2&$R$1&$B35,Data_CT!$B$2:$B$327&Data_CT!$A$2:$A$327&Data_CT!$F$2:$F$327,0)),"")} -> 0
A36: 2 | B36: Lô 2C | C36: {=IFERROR(INDEX(Data_CT!G$2:G$327,MATCH($R$2&$R$1&$B36,Data_CT!$B$2:$B$327&Data_CT!$A$2:$A$327&Data_CT!$F$2:$F$327,0)),"")} -> 1264042000 | D36: {=IFERROR(INDEX(Data_CT!H$2:H$327,MATCH($R$2&$R$1&$B36,Data_CT!$B$2:$B$327&Data_CT!$A$2:$A$327&Data_CT!$F$2:$F$327,0)),"")} -> 620557920 | E36: {=IFERROR(INDEX(Data_CT!I$2:I$327,MATCH($R$2&$R$1&$B36,Data_CT!$B$2:$B$327&Data_CT!$A$2:$A$327&Data_CT!$F$2:$F$327,0)),"")} -> 800000000 | F36: {=IFERROR(INDEX(Data_CT!J$2:J$327,MATCH($R$2&$R$1&$B36,Data_CT!$B$2:$B$327&Data_CT!$A$2:$A$327&Data_CT!$F$2:$F$327,0)),"")} -> 0 | G36: {=IFERROR(INDEX(Data_CT!K$2:K$327,MATCH($R$2&$R$1&$B36,Data_CT!$B$2:$B$327&Data_CT!$A$2:$A$327&Data_CT!$F$2:$F$327,0)),"")} -> 174384000 | H36: {=IFERROR(INDEX(Data_CT!L$2:L$327,MATCH($R$2&$R$1&$B36,Data_CT!$B$2:$B$327&Data_CT!$A$2:$A$327&Data_CT!$F$2:$F$327,0)),"")} -> 0 | I36: {=IFERROR(INDEX(Data_CT!M$2:M$327,MATCH($R$2&$R$1&$B36,Data_CT!$B$2:$B$327&Data_CT!$A$2:$A$327&Data_CT!$F$2:$F$327,0)),"")} -> 0 | J36: {=IFERROR(INDEX(Data_CT!N$2:N$327,MATCH($R$2&$R$1&$B36,Data_CT!$B$2:$B$327&Data_CT!$A$2:$A$327&Data_CT!$F$2:$F$327,0)),"")} -> 0 | K36: {=IFERROR(INDEX(Data_CT!O$2:O$327,MATCH($R$2&$R$1&$B36,Data_CT!$B$2:$B$327&Data_CT!$A$2:$A$327&Data_CT!$F$2:$F$327,0)),"")} -> 0 | M36: {=IFERROR(INDEX(Data_CT!P$2:P$327,MATCH($R$2&$R$1&$B36,Data_CT!$B$2:$B$327&Data_CT!$A$2:$A$327&Data_CT!$F$2:$F$327,0)),"")} | N36: {=IFERROR(INDEX(Data_CT!Q$2:Q$327,MATCH($R$2&$R$1&$B36,Data_CT!$B$2:$B$327&Data_CT!$A$2:$A$327&Data_CT!$F$2:$F$327,0)),"")} -> Mái tầng 1 | P36: {=IFERROR(INDEX(Data_CT!R$2:R$327,MATCH($R$2&$R$1&$B36,Data_CT!$B$2:$B$327&Data_CT!$A$2:$A$327&Data_CT!$F$2:$F$327,0)),"")} -> Xong khung BTCT
A37: 3 | B37: Lô 3C | C37: {=IFERROR(INDEX(Data_CT!G$2:G$327,MATCH($R$2&$R$1&$B37,Data_CT!$B$2:$B$327&Data_CT!$A$2:$A$327&Data_CT!$F$2:$F$327,0)),"")} -> 1264264000 | D37: {=IFERROR(INDEX(Data_CT!H$2:H$327,MATCH($R$2&$R$1&$B37,Data_CT!$B$2:$B$327&Data_CT!$A$2:$A$327&Data_CT!$F$2:$F$327,0)),"")} -> 792201600 | E37: {=IFERROR(INDEX(Data_CT!I$2:I$327,MATCH($R$2&$R$1&$B37,Data_CT!$B$2:$B$327&Data_CT!$A$2:$A$327&Data_CT!$F$2:$F$327,0)),"")} -> 400000000 | F37: {=IFERROR(INDEX(Data_CT!J$2:J$327,MATCH($R$2&$R$1&$B37,Data_CT!$B$2:$B$327&Data_CT!$A$2:$A$327&Data_CT!$F$2:$F$327,0)),"")} -> 0 | G37: {=IFERROR(INDEX(Data_CT!K$2:K$327,MATCH($R$2&$R$1&$B37,Data_CT!$B$2:$B$327&Data_CT!$A$2:$A$327&Data_CT!$F$2:$F$327,0)),"")} -> 336312000 | H37: {=IFERROR(INDEX(Data_CT!L$2:L$327,MATCH($R$2&$R$1&$B37,Data_CT!$B$2:$B$327&Data_CT!$A$2:$A$327&Data_CT!$F$2:$F$327,0)),"")} -> 400000000 | I37: {=IFERROR(INDEX(Data_CT!M$2:M$327,MATCH($R$2&$R$1&$B37,Data_CT!$B$2:$B$327&Data_CT!$A$2:$A$327&Data_CT!$F$2:$F$327,0)),"")} -> 0 | J37: {=IFERROR(INDEX(Data_CT!N$2:N$327,MATCH($R$2&$R$1&$B37,Data_CT!$B$2:$B$327&Data_CT!$A$2:$A$327&Data_CT!$F$2:$F$327,0)),"")} -> 0 | K37: {=IFERROR(INDEX(Data_CT!O$2:O$327,MATCH($R$2&$R$1&$B37,Data_CT!$B$2:$B$327&Data_CT!$A$2:$A$327&Data_CT!$F$2:$F$327,0)),"")} -> 0 | M37: {=IFERROR(INDEX(Data_CT!P$2:P$327,MATCH($R$2&$R$1&$B37,Data_CT!$B$2:$B$327&Data_CT!$A$2:$A$327&Data_CT!$F$2:$F$327,0)),"")} | N37: {=IFERROR(INDEX(Data_CT!Q$2:Q$327,MATCH($R$2&$R$1&$B37,Data_CT!$B$2:$B$327&Data_CT!$A$2:$A$327&Data_CT!$F$2:$F$327,0)),"")} -> Mái tầng 1 | P37: {=IFERROR(INDEX(Data_CT!R$2:R$327,MATCH($R$2&$R$1&$B37,Data_CT!$B$2:$B$327&Data_CT!$A$2:$A$327&Data_CT!$F$2:$F$327,0)),"")} -> Xong khung BTCT
A38: 4 | B38: Lô 4C | C38: {=IFERROR(INDEX(Data_CT!G$2:G$327,MATCH($R$2&$R$1&$B38,Data_CT!$B$2:$B$327&Data_CT!$A$2:$A$327&Data_CT!$F$2:$F$327,0)),"")} -> 929889000 | D38: {=IFERROR(INDEX(Data_CT!H$2:H$327,MATCH($R$2&$R$1&$B38,Data_CT!$B$2:$B$327&Data_CT!$A$2:$A$327&Data_CT!$F$2:$F$327,0)),"")} -> 929889000 | E38: {=IFERROR(INDEX(Data_CT!I$2:I$327,MATCH($R$2&$R$1&$B38,Data_CT!$B$2:$B$327&Data_CT!$A$2:$A$327&Data_CT!$F$2:$F$327,0)),"")} -> 929889000 | F38: {=IFERROR(INDEX(Data_CT!J$2:J$327,MATCH($R$2&$R$1&$B38,Data_CT!$B$2:$B$327&Data_CT!$A$2:$A$327&Data_CT!$F$2:$F$327,0)),"")} -> 0 | G38: {=IFERROR(INDEX(Data_CT!K$2:K$327,MATCH($R$2&$R$1&$B38,Data_CT!$B$2:$B$327&Data_CT!$A$2:$A$327&Data_CT!$F$2:$F$327,0)),"")} -> 0 | H38: {=IFERROR(INDEX(Data_CT!L$2:L$327,MATCH($R$2&$R$1&$B38,Data_CT!$B$2:$B$327&Data_CT!$A$2:$A$327&Data_CT!$F$2:$F$327,0)),"")} -> 0 | I38: {=IFERROR(INDEX(Data_CT!M$2:M$327,MATCH($R$2&$R$1&$B38,Data_CT!$B$2:$B$327&Data_CT!$A$2:$A$327&Data_CT!$F$2:$F$327,0)),"")} -> 0 | J38: {=IFERROR(INDEX(Data_CT!N$2:N$327,MATCH($R$2&$R$1&$B38,Data_CT!$B$2:$B$327&Data_CT!$A$2:$A$327&Data_CT!$F$2:$F$327,0)),"")} -> 41061111 | K38: {=IFERROR(INDEX(Data_CT!O$2:O$327,MATCH($R$2&$R$1&$B38,Data_CT!$B$2:$B$327&Data_CT!$A$2:$A$327&Data_CT!$F$2:$F$327,0)),"")} -> 41060664 | M38: {=IFERROR(INDEX(Data_CT!P$2:P$327,MATCH($R$2&$R$1&$B38,Data_CT!$B$2:$B$327&Data_CT!$A$2:$A$327&Data_CT!$F$2:$F$327,0)),"")} | N38: {=IFERROR(INDEX(Data_CT!Q$2:Q$327,MATCH($R$2&$R$1&$B38,Data_CT!$B$2:$B$327&Data_CT!$A$2:$A$327&Data_CT!$F$2:$F$327,0)),"")} -> Xong khung BTCT | P38: {=IFERROR(INDEX(Data_CT!R$2:R$327,MATCH($R$2&$R$1&$B38,Data_CT!$B$2:$B$327&Data_CT!$A$2:$A$327&Data_CT!$F$2:$F$327,0)),"")} -> Xong khung BTCT
A39: 5 | B39: Lô 7C | C39: {=IFERROR(INDEX(Data_CT!G$2:G$327,MATCH($R$2&$R$1&$B39,Data_CT!$B$2:$B$327&Data_CT!$A$2:$A$327&Data_CT!$F$2:$F$327,0)),"")} -> 1150397000 | D39: {=IFERROR(INDEX(Data_CT!H$2:H$327,MATCH($R$2&$R$1&$B39,Data_CT!$B$2:$B$327&Data_CT!$A$2:$A$327&Data_CT!$F$2:$F$327,0)),"")} -> 1150397000 | E39: {=IFERROR(INDEX(Data_CT!I$2:I$327,MATCH($R$2&$R$1&$B39,Data_CT!$B$2:$B$327&Data_CT!$A$2:$A$327&Data_CT!$F$2:$F$327,0)),"")} -> 1150397000 | F39: {=IFERROR(INDEX(Data_CT!J$2:J$327,MATCH($R$2&$R$1&$B39,Data_CT!$B$2:$B$327&Data_CT!$A$2:$A$327&Data_CT!$F$2:$F$327,0)),"")} -> 0 | G39: {=IFERROR(INDEX(Data_CT!K$2:K$327,MATCH($R$2&$R$1&$B39,Data_CT!$B$2:$B$327&Data_CT!$A$2:$A$327&Data_CT!$F$2:$F$327,0)),"")} -> 0 | H39: {=IFERROR(INDEX(Data_CT!L$2:L$327,MATCH($R$2&$R$1&$B39,Data_CT!$B$2:$B$327&Data_CT!$A$2:$A$327&Data_CT!$F$2:$F$327,0)),"")} -> 0 | I39: {=IFERROR(INDEX(Data_CT!M$2:M$327,MATCH($R$2&$R$1&$B39,Data_CT!$B$2:$B$327&Data_CT!$A$2:$A$327&Data_CT!$F$2:$F$327,0)),"")} -> 0 | J39: {=IFERROR(INDEX(Data_CT!N$2:N$327,MATCH($R$2&$R$1&$B39,Data_CT!$B$2:$B$327&Data_CT!$A$2:$A$327&Data_CT!$F$2:$F$327,0)),"")} -> 157625000 | K39: {=IFERROR(INDEX(Data_CT!O$2:O$327,MATCH($R$2&$R$1&$B39,Data_CT!$B$2:$B$327&Data_CT!$A$2:$A$327&Data_CT!$F$2:$F$327,0)),"")} -> 157624826 | M39: {=IFERROR(INDEX(Data_CT!P$2:P$327,MATCH($R$2&$R$1&$B39,Data_CT!$B$2:$B$327&Data_CT!$A$2:$A$327&Data_CT!$F$2:$F$327,0)),"")} -> 1150397000 | N39: {=IFERROR(INDEX(Data_CT!Q$2:Q$327,MATCH($R$2&$R$1&$B39,Data_CT!$B$2:$B$327&Data_CT!$A$2:$A$327&Data_CT!$F$2:$F$327,0)),"")} -> 0 | P39: {=IFERROR(INDEX(Data_CT!R$2:R$327,MATCH($R$2&$R$1&$B39,Data_CT!$B$2:$B$327&Data_CT!$A$2:$A$327&Data_CT!$F$2:$F$327,0)),"")} -> 0
A40: 6 | B40: Lô 9C | C40: {=IFERROR(INDEX(Data_CT!G$2:G$327,MATCH($R$2&$R$1&$B40,Data_CT!$B$2:$B$327&Data_CT!$A$2:$A$327&Data_CT!$F$2:$F$327,0)),"")} -> 1688339000 | D40: {=IFERROR(INDEX(Data_CT!H$2:H$327,MATCH($R$2&$R$1&$B40,Data_CT!$B$2:$B$327&Data_CT!$A$2:$A$327&Data_CT!$F$2:$F$327,0)),"")} -> 150943500 | E40: {=IFERROR(INDEX(Data_CT!I$2:I$327,MATCH($R$2&$R$1&$B40,Data_CT!$B$2:$B$327&Data_CT!$A$2:$A$327&Data_CT!$F$2:$F$327,0)),"")} -> 300000000 | F40: {=IFERROR(INDEX(Data_CT!J$2:J$327,MATCH($R$2&$R$1&$B40,Data_CT!$B$2:$B$327&Data_CT!$A$2:$A$327&Data_CT!$F$2:$F$327,0)),"")} -> 0 | G40: {=IFERROR(INDEX(Data_CT!K$2:K$327,MATCH($R$2&$R$1&$B40,Data_CT!$B$2:$B$327&Data_CT!$A$2:$A$327&Data_CT!$F$2:$F$327,0)),"")} -> 184486500 | H40: {=IFERROR(INDEX(Data_CT!L$2:L$327,MATCH($R$2&$R$1&$B40,Data_CT!$B$2:$B$327&Data_CT!$A$2:$A$327&Data_CT!$F$2:$F$327,0)),"")} -> 200000000 | I40: {=IFERROR(INDEX(Data_CT!M$2:M$327,MATCH($R$2&$R$1&$B40,Data_CT!$B$2:$B$327&Data_CT!$A$2:$A$327&Data_CT!$F$2:$F$327,0)),"")} -> 0 | J40: {=IFERROR(INDEX(Data_CT!N$2:N$327,MATCH($R$2&$R$1&$B40,Data_CT!$B$2:$B$327&Data_CT!$A$2:$A$327&Data_CT!$F$2:$F$327,0)),"")} -> 0 | K40: {=IFERROR(INDEX(Data_CT!O$2:O$327,MATCH($R$2&$R$1&$B40,Data_CT!$B$2:$B$327&Data_CT!$A$2:$A$327&Data_CT!$F$2:$F$327,0)),"")} -> 0 | M40: {=IFERROR(INDEX(Data_CT!P$2:P$327,MATCH($R$2&$R$1&$B40,Data_CT!$B$2:$B$327&Data_CT!$A$2:$A$327&Data_CT!$F$2:$F$327,0)),"")} | N40: {=IFERROR(INDEX(Data_CT!Q$2:Q$327,MATCH($R$2&$R$1&$B40,Data_CT!$B$2:$B$327&Data_CT!$A$2:$A$327&Data_CT!$F$2:$F$327,0)),"")} -> 0 | P40: {=IFERROR(INDEX(Data_CT!R$2:R$327,MATCH($R$2&$R$1&$B40,Data_CT!$B$2:$B$327&Data_CT!$A$2:$A$327&Data_CT!$F$2:$F$327,0)),"")} -> Móng
A41: 7 | B41: Lô 11C | C41: {=IFERROR(INDEX(Data_CT!G$2:G$327,MATCH($R$2&$R$1&$B41,Data_CT!$B$2:$B$327&Data_CT!$A$2:$A$327&Data_CT!$F$2:$F$327,0)),"")} -> 1437536000 | D41: {=IFERROR(INDEX(Data_CT!H$2:H$327,MATCH($R$2&$R$1&$B41,Data_CT!$B$2:$B$327&Data_CT!$A$2:$A$327&Data_CT!$F$2:$F$327,0)),"")} -> 117612000 | E41: {=IFERROR(INDEX(Data_CT!I$2:I$327,MATCH($R$2&$R$1&$B41,Data_CT!$B$2:$B$327&Data_CT!$A$2:$A$327&Data_CT!$F$2:$F$327,0)),"")} -> 450000000 | F41: {=IFERROR(INDEX(Data_CT!J$2:J$327,MATCH($R$2&$R$1&$B41,Data_CT!$B$2:$B$327&Data_CT!$A$2:$A$327&Data_CT!$F$2:$F$327,0)),"")} -> 0 | G41: {=IFERROR(INDEX(Data_CT!K$2:K$327,MATCH($R$2&$R$1&$B41,Data_CT!$B$2:$B$327&Data_CT!$A$2:$A$327&Data_CT!$F$2:$F$327,0)),"")} -> 313632000 | H41: {=IFERROR(INDEX(Data_CT!L$2:L$327,MATCH($R$2&$R$1&$B41,Data_CT!$B$2:$B$327&Data_CT!$A$2:$A$327&Data_CT!$F$2:$F$327,0)),"")} -> 0 | I41: {=IFERROR(INDEX(Data_CT!M$2:M$327,MATCH($R$2&$R$1&$B41,Data_CT!$B$2:$B$327&Data_CT!$A$2:$A$327&Data_CT!$F$2:$F$327,0)),"")} -> 0 | J41: {=IFERROR(INDEX(Data_CT!N$2:N$327,MATCH($R$2&$R$1&$B41,Data_CT!$B$2:$B$327&Data_CT!$A$2:$A$327&Data_CT!$F$2:$F$327,0)),"")} -> 0 | K41: {=IFERROR(INDEX(Data_CT!O$2:O$327,MATCH($R$2&$R$1&$B41,Data_CT!$B$2:$B$327&Data_CT!$A$2:$A$327&Data_CT!$F$2:$F$327,0)),"")} -> 0 | M41: {=IFERROR(INDEX(Data_CT!P$2:P$327,MATCH($R$2&$R$1&$B41,Data_CT!$B$2:$B$327&Data_CT!$A$2:$A$327&Data_CT!$F$2:$F$327,0)),"")} | N41: {=IFERROR(INDEX(Data_CT!Q$2:Q$327,MATCH($R$2&$R$1&$B41,Data_CT!$B$2:$B$327&Data_CT!$A$2:$A$327&Data_CT!$F$2:$F$327,0)),"")} -> 0 | P41: {=IFERROR(INDEX(Data_CT!R$2:R$327,MATCH($R$2&$R$1&$B41,Data_CT!$B$2:$B$327&Data_CT!$A$2:$A$327&Data_CT!$F$2:$F$327,0)),"")} -> Mái Tầng 3
A42: D | D42: 0 | E42: 0 | L42: =IF(P42 = "Đã quyết toán", C42, _xludf.LET( MaLo, B42, TienDoHienTai_Text, M42, Diem_HienTai, _xludf.IFNA(VLOOKUP(TienDoHienTai_Text, CauHinh!$A:$B, 2, 0), 0), Tien_Dot1, VLOOKUP(MaLo, 'TIẾN ĐỘ NỘP TIỀN'!$B:$Z, 3, 0), Tien_Dot2, VLOOKUP(MaLo, 'TIẾN ĐỘ NỘP TIỀN'!$B:$Z, 5, 0), Tien_Dot3, VLOOKUP(MaLo, 'TIẾN ĐỘ NỘP TIỀN'!$B:$Z, 7, 0), Tien_Dot4, IFERROR(VLOOKUP(MaLo, 'TIẾN ĐỘ NỘP TIỀN'!$B:$Z, 9, 0), 0), Moc_Diem_1, VLOOKUP(MaLo, 'TIẾN ĐỘ NỘP TIỀN'!$B:$Z, 23, 0), Moc_Diem_2, VLOOKUP(MaLo, 'TIẾN ĐỘ NỘP TIỀN'!$B:$Z, 24, 0), Moc_Diem_3, VLOOKUP(MaLo, 'TIẾN ĐỘ NỘP TIỀN'!$B:$Z, 25, 0), Can_Dot2, Diem_HienTai >= (Moc_Diem_1 - 10), Can_Dot3, Diem_HienTai >= (Moc_Diem_2 - 10), Can_Dot4, Diem_HienTai >= (Moc_Diem_3 - 10), PhaiNop, Tien_Dot1 + IF(Can_Dot2, Tien_Dot2, 0) + IF(Can_Dot3, Tien_Dot3, 0) + IF(Can_Dot4, Tien_Dot4, 0), PhaiNop ) ) -> #NAME?
A43: 1 | B43: Lô 1D | C43: {=IFERROR(INDEX(Data_CT!G$2:G$327,MATCH($R$2&$R$1&$B43,Data_CT!$B$2:$B$327&Data_CT!$A$2:$A$327&Data_CT!$F$2:$F$327,0)),"")} -> 1366377000 | D43: {=IFERROR(INDEX(Data_CT!H$2:H$327,MATCH($R$2&$R$1&$B43,Data_CT!$B$2:$B$327&Data_CT!$A$2:$A$327&Data_CT!$F$2:$F$327,0)),"")} -> 892831725 | E43: {=IFERROR(INDEX(Data_CT!I$2:I$327,MATCH($R$2&$R$1&$B43,Data_CT!$B$2:$B$327&Data_CT!$A$2:$A$327&Data_CT!$F$2:$F$327,0)),"")} -> 800000000 | F43: {=IFERROR(INDEX(Data_CT!J$2:J$327,MATCH($R$2&$R$1&$B43,Data_CT!$B$2:$B$327&Data_CT!$A$2:$A$327&Data_CT!$F$2:$F$327,0)),"")} -> 0 | G43: {=IFERROR(INDEX(Data_CT!K$2:K$327,MATCH($R$2&$R$1&$B43,Data_CT!$B$2:$B$327&Data_CT!$A$2:$A$327&Data_CT!$F$2:$F$327,0)),"")} -> 133537500 | H43: {=IFERROR(INDEX(Data_CT!L$2:L$327,MATCH($R$2&$R$1&$B43,Data_CT!$B$2:$B$327&Data_CT!$A$2:$A$327&Data_CT!$F$2:$F$327,0)),"")} -> 400000000 | I43: {=IFERROR(INDEX(Data_CT!M$2:M$327,MATCH($R$2&$R$1&$B43,Data_CT!$B$2:$B$327&Data_CT!$A$2:$A$327&Data_CT!$F$2:$F$327,0)),"")} -> 0 | J43: {=IFERROR(INDEX(Data_CT!N$2:N$327,MATCH($R$2&$R$1&$B43,Data_CT!$B$2:$B$327&Data_CT!$A$2:$A$327&Data_CT!$F$2:$F$327,0)),"")} -> 0 | K43: {=IFERROR(INDEX(Data_CT!O$2:O$327,MATCH($R$2&$R$1&$B43,Data_CT!$B$2:$B$327&Data_CT!$A$2:$A$327&Data_CT!$F$2:$F$327,0)),"")} -> 0 | M43: {=IFERROR(INDEX(Data_CT!P$2:P$327,MATCH($R$2&$R$1&$B43,Data_CT!$B$2:$B$327&Data_CT!$A$2:$A$327&Data_CT!$F$2:$F$327,0)),"")} | N43: {=IFERROR(INDEX(Data_CT!Q$2:Q$327,MATCH($R$2&$R$1&$B43,Data_CT!$B$2:$B$327&Data_CT!$A$2:$A$327&Data_CT!$F$2:$F$327,0)),"")} -> Mái tầng 3 | P43: {=IFERROR(INDEX(Data_CT!R$2:R$327,MATCH($R$2&$R$1&$B43,Data_CT!$B$2:$B$327&Data_CT!$A$2:$A$327&Data_CT!$F$2:$F$327,0)),"")} -> Xong khung BTCT
A44: 2 | B44: Lô 2D | C44: {=IFERROR(INDEX(Data_CT!G$2:G$327,MATCH($R$2&$R$1&$B44,Data_CT!$B$2:$B$327&Data_CT!$A$2:$A$327&Data_CT!$F$2:$F$327,0)),"")} -> 1307971000 | D44: {=IFERROR(INDEX(Data_CT!H$2:H$327,MATCH($R$2&$R$1&$B44,Data_CT!$B$2:$B$327&Data_CT!$A$2:$A$327&Data_CT!$F$2:$F$327,0)),"")} -> 1307971000 | E44: {=IFERROR(INDEX(Data_CT!I$2:I$327,MATCH($R$2&$R$1&$B44,Data_CT!$B$2:$B$327&Data_CT!$A$2:$A$327&Data_CT!$F$2:$F$327,0)),"")} -> 1100000000 | F44: {=IFERROR(INDEX(Data_CT!J$2:J$327,MATCH($R$2&$R$1&$B44,Data_CT!$B$2:$B$327&Data_CT!$A$2:$A$327&Data_CT!$F$2:$F$327,0)),"")} -> 0 | G44: {=IFERROR(INDEX(Data_CT!K$2:K$327,MATCH($R$2&$R$1&$B44,Data_CT!$B$2:$B$327&Data_CT!$A$2:$A$327&Data_CT!$F$2:$F$327,0)),"")} -> 0 | H44: {=IFERROR(INDEX(Data_CT!L$2:L$327,MATCH($R$2&$R$1&$B44,Data_CT!$B$2:$B$327&Data_CT!$A$2:$A$327&Data_CT!$F$2:$F$327,0)),"")} -> 150000000 | I44: {=IFERROR(INDEX(Data_CT!M$2:M$327,MATCH($R$2&$R$1&$B44,Data_CT!$B$2:$B$327&Data_CT!$A$2:$A$327&Data_CT!$F$2:$F$327,0)),"")} -> 0 | J44: {=IFERROR(INDEX(Data_CT!N$2:N$327,MATCH($R$2&$R$1&$B44,Data_CT!$B$2:$B$327&Data_CT!$A$2:$A$327&Data_CT!$F$2:$F$327,0)),"")} -> 0 | K44: {=IFERROR(INDEX(Data_CT!O$2:O$327,MATCH($R$2&$R$1&$B44,Data_CT!$B$2:$B$327&Data_CT!$A$2:$A$327&Data_CT!$F$2:$F$327,0)),"")} -> 0 | M44: {=IFERROR(INDEX(Data_CT!P$2:P$327,MATCH($R$2&$R$1&$B44,Data_CT!$B$2:$B$327&Data_CT!$A$2:$A$327&Data_CT!$F$2:$F$327,0)),"")} | N44: {=IFERROR(INDEX(Data_CT!Q$2:Q$327,MATCH($R$2&$R$1&$B44,Data_CT!$B$2:$B$327&Data_CT!$A$2:$A$327&Data_CT!$F$2:$F$327,0)),"")} -> Mái tầng 2 | P44: {=IFERROR(INDEX(Data_CT!R$2:R$327,MATCH($R$2&$R$1&$B44,Data_CT!$B$2:$B$327&Data_CT!$A$2:$A$327&Data_CT!$F$2:$F$327,0)),"")} -> Xong khung BTCT
A45: 3 | B45: Lô 4D | C45: {=IFERROR(INDEX(Data_CT!G$2:G$327,MATCH($R$2&$R$1&$B45,Data_CT!$B$2:$B$327&Data_CT!$A$2:$A$327&Data_CT!$F$2:$F$327,0)),"")} -> 1196198000 | D45: {=IFERROR(INDEX(Data_CT!H$2:H$327,MATCH($R$2&$R$1&$B45,Data_CT!$B$2:$B$327&Data_CT!$A$2:$A$327&Data_CT!$F$2:$F$327,0)),"")} -> 1196198000 | E45: {=IFERROR(INDEX(Data_CT!I$2:I$327,MATCH($R$2&$R$1&$B45,Data_CT!$B$2:$B$327&Data_CT!$A$2:$A$327&Data_CT!$F$2:$F$327,0)),"")} -> 1196198000 | F45: {=IFERROR(INDEX(Data_CT!J$2:J$327,MATCH($R$2&$R$1&$B45,Data_CT!$B$2:$B$327&Data_CT!$A$2:$A$327&Data_CT!$F$2:$F$327,0)),"")} -> 0 | G45: {=IFERROR(INDEX(Data_CT!K$2:K$327,MATCH($R$2&$R$1&$B45,Data_CT!$B$2:$B$327&Data_CT!$A$2:$A$327&Data_CT!$F$2:$F$327,0)),"")} -> 0 | H45: {=IFERROR(INDEX(Data_CT!L$2:L$327,MATCH($R$2&$R$1&$B45,Data_CT!$B$2:$B$327&Data_CT!$A$2:$A$327&Data_CT!$F$2:$F$327,0)),"")} -> 0 | I45: {=IFERROR(INDEX(Data_CT!M$2:M$327,MATCH($R$2&$R$1&$B45,Data_CT!$B$2:$B$327&Data_CT!$A$2:$A$327&Data_CT!$F$2:$F$327,0)),"")} -> 0 | J45: {=IFERROR(INDEX(Data_CT!N$2:N$327,MATCH($R$2&$R$1&$B45,Data_CT!$B$2:$B$327&Data_CT!$A$2:$A$327&Data_CT!$F$2:$F$327,0)),"")} -> 164801852 | K45: {=IFERROR(INDEX(Data_CT!O$2:O$327,MATCH($R$2&$R$1&$B45,Data_CT!$B$2:$B$327&Data_CT!$A$2:$A$327&Data_CT!$F$2:$F$327,0)),"")} -> 164802311 | M45: {=IFERROR(INDEX(Data_CT!P$2:P$327,MATCH($R$2&$R$1&$B45,Data_CT!$B$2:$B$327&Data_CT!$A$2:$A$327&Data_CT!$F$2:$F$327,0)),"")} | N45: {=IFERROR(INDEX(Data_CT!Q$2:Q$327,MATCH($R$2&$R$1&$B45,Data_CT!$B$2:$B$327&Data_CT!$A$2:$A$327&Data_CT!$F$2:$F$327,0)),"")} -> Xong khung BTCT | P45: {=IFERROR(INDEX(Data_CT!R$2:R$327,MATCH($R$2&$R$1&$B45,Data_CT!$B$2:$B$327&Data_CT!$A$2:$A$327&Data_CT!$F$2:$F$327,0)),"")} -> Xong khung BTCT
A46: 4 | B46: Lô 6D | C46: {=IFERROR(INDEX(Data_CT!G$2:G$327,MATCH($R$2&$R$1&$B46,Data_CT!$B$2:$B$327&Data_CT!$A$2:$A$327&Data_CT!$F$2:$F$327,0)),"")} -> 1299151000 | D46: {=IFERROR(INDEX(Data_CT!H$2:H$327,MATCH($R$2&$R$1&$B46,Data_CT!$B$2:$B$327&Data_CT!$A$2:$A$327&Data_CT!$F$2:$F$327,0)),"")} -> 1299151000 | E46: {=IFERROR(INDEX(Data_CT!I$2:I$327,MATCH($R$2&$R$1&$B46,Data_CT!$B$2:$B$327&Data_CT!$A$2:$A$327&Data_CT!$F$2:$F$327,0)),"")} -> 1250000000 | F46: {=IFERROR(INDEX(Data_CT!J$2:J$327,MATCH($R$2&$R$1&$B46,Data_CT!$B$2:$B$327&Data_CT!$A$2:$A$327&Data_CT!$F$2:$F$327,0)),"")} -> 0 | G46: {=IFERROR(INDEX(Data_CT!K$2:K$327,MATCH($R$2&$R$1&$B46,Data_CT!$B$2:$B$327&Data_CT!$A$2:$A$327&Data_CT!$F$2:$F$327,0)),"")} -> 0 | H46: {=IFERROR(INDEX(Data_CT!L$2:L$327,MATCH($R$2&$R$1&$B46,Data_CT!$B$2:$B$327&Data_CT!$A$2:$A$327&Data_CT!$F$2:$F$327,0)),"")} -> 0 | I46: {=IFERROR(INDEX(Data_CT!M$2:M$327,MATCH($R$2&$R$1&$B46,Data_CT!$B$2:$B$327&Data_CT!$A$2:$A$327&Data_CT!$F$2:$F$327,0)),"")} -> 0 | J46: {=IFERROR(INDEX(Data_CT!N$2:N$327,MATCH($R$2&$R$1&$B46,Data_CT!$B$2:$B$327&Data_CT!$A$2:$A$327&Data_CT!$F$2:$F$327,0)),"")} -> 0 | K46: {=IFERROR(INDEX(Data_CT!O$2:O$327,MATCH($R$2&$R$1&$B46,Data_CT!$B$2:$B$327&Data_CT!$A$2:$A$327&Data_CT!$F$2:$F$327,0)),"")} -> 0 | M46: {=IFERROR(INDEX(Data_CT!P$2:P$327,MATCH($R$2&$R$1&$B46,Data_CT!$B$2:$B$327&Data_CT!$A$2:$A$327&Data_CT!$F$2:$F$327,0)),"")} | N46: {=IFERROR(INDEX(Data_CT!Q$2:Q$327,MATCH($R$2&$R$1&$B46,Data_CT!$B$2:$B$327&Data_CT!$A$2:$A$327&Data_CT!$F$2:$F$327,0)),"")} -> Xong khung BTCT | P46: {=IFERROR(INDEX(Data_CT!R$2:R$327,MATCH($R$2&$R$1&$B46,Data_CT!$B$2:$B$327&Data_CT!$A$2:$A$327&Data_CT!$F$2:$F$327,0)),"")} -> Xong khung BTCT
A47: 5 | B47: Lô 7D | C47: {=IFERROR(INDEX(Data_CT!G$2:G$327,MATCH($R$2&$R$1&$B47,Data_CT!$B$2:$B$327&Data_CT!$A$2:$A$327&Data_CT!$F$2:$F$327,0)),"")} -> 1178570000 | D47: {=IFERROR(INDEX(Data_CT!H$2:H$327,MATCH($R$2&$R$1&$B47,Data_CT!$B$2:$B$327&Data_CT!$A$2:$A$327&Data_CT!$F$2:$F$327,0)),"")} -> 1178570000 | E47: {=IFERROR(INDEX(Data_CT!I$2:I$327,MATCH($R$2&$R$1&$B47,Data_CT!$B$2:$B$327&Data_CT!$A$2:$A$327&Data_CT!$F$2:$F$327,0)),"")} -> 1178570000 | F47: {=IFERROR(INDEX(Data_CT!J$2:J$327,MATCH($R$2&$R$1&$B47,Data_CT!$B$2:$B$327&Data_CT!$A$2:$A$327&Data_CT!$F$2:$F$327,0)),"")} -> 0 | G47: {=IFERROR(INDEX(Data_CT!K$2:K$327,MATCH($R$2&$R$1&$B47,Data_CT!$B$2:$B$327&Data_CT!$A$2:$A$327&Data_CT!$F$2:$F$327,0)),"")} -> 0 | H47: {=IFERROR(INDEX(Data_CT!L$2:L$327,MATCH($R$2&$R$1&$B47,Data_CT!$B$2:$B$327&Data_CT!$A$2:$A$327&Data_CT!$F$2:$F$327,0)),"")} -> 0 | I47: {=IFERROR(INDEX(Data_CT!M$2:M$327,MATCH($R$2&$R$1&$B47,Data_CT!$B$2:$B$327&Data_CT!$A$2:$A$327&Data_CT!$F$2:$F$327,0)),"")} -> 0 | J47: {=IFERROR(INDEX(Data_CT!N$2:N$327,MATCH($R$2&$R$1&$B47,Data_CT!$B$2:$B$327&Data_CT!$A$2:$A$327&Data_CT!$F$2:$F$327,0)),"")} -> 1.6298981e+08 | K47: {=IFERROR(INDEX(Data_CT!O$2:O$327,MATCH($R$2&$R$1&$B47,Data_CT!$B$2:$B$327&Data_CT!$A$2:$A$327&Data_CT!$F$2:$F$327,0)),"")} -> 162990131 | M47: {=IFERROR(INDEX(Data_CT!P$2:P$327,MATCH($R$2&$R$1&$B47,Data_CT!$B$2:$B$327&Data_CT!$A$2:$A$327&Data_CT!$F$2:$F$327,0)),"")} -> 1178570000 | N47: {=IFERROR(INDEX(Data_CT!Q$2:Q$327,MATCH($R$2&$R$1&$B47,Data_CT!$B$2:$B$327&Data_CT!$A$2:$A$327&Data_CT!$F$2:$F$327,0)),"")} -> 0 | P47: {=IFERROR(INDEX(Data_CT!R$2:R$327,MATCH($R$2&$R$1&$B47,Data_CT!$B$2:$B$327&Data_CT!$A$2:$A$327&Data_CT!$F$2:$F$327,0)),"")} -> 0
A48: 6 | B48: Lô 9D | C48: {=IFERROR(INDEX(Data_CT!G$2:G$327,MATCH($R$2&$R$1&$B48,Data_CT!$B$2:$B$327&Data_CT!$A$2:$A$327&Data_CT!$F$2:$F$327,0)),"")} -> 1209500000 | D48: {=IFERROR(INDEX(Data_CT!H$2:H$327,MATCH($R$2&$R$1&$B48,Data_CT!$B$2:$B$327&Data_CT!$A$2:$A$327&Data_CT!$F$2:$F$327,0)),"")} -> 552842550 | E48: {=IFERROR(INDEX(Data_CT!I$2:I$327,MATCH($R$2&$R$1&$B48,Data_CT!$B$2:$B$327&Data_CT!$A$2:$A$327&Data_CT!$F$2:$F$327,0)),"")} -> 300000000 | F48: {=IFERROR(INDEX(Data_CT!J$2:J$327,MATCH($R$2&$R$1&$B48,Data_CT!$B$2:$B$327&Data_CT!$A$2:$A$327&Data_CT!$F$2:$F$327,0)),"")} -> 0 | G48: {=IFERROR(INDEX(Data_CT!K$2:K$327,MATCH($R$2&$R$1&$B48,Data_CT!$B$2:$B$327&Data_CT!$A$2:$A$327&Data_CT!$F$2:$F$327,0)),"")} -> 171666000 | H48: {=IFERROR(INDEX(Data_CT!L$2:L$327,MATCH($R$2&$R$1&$B48,Data_CT!$B$2:$B$327&Data_CT!$A$2:$A$327&Data_CT!$F$2:$F$327,0)),"")} -> 300000000 | I48: {=IFERROR(INDEX(Data_CT!M$2:M$327,MATCH($R$2&$R$1&$B48,Data_CT!$B$2:$B$327&Data_CT!$A$2:$A$327&Data_CT!$F$2:$F$327,0)),"")} -> 0 | J48: {=IFERROR(INDEX(Data_CT!N$2:N$327,MATCH($R$2&$R$1&$B48,Data_CT!$B$2:$B$327&Data_CT!$A$2:$A$327&Data_CT!$F$2:$F$327,0)),"")} -> 0 | K48: {=IFERROR(INDEX(Data_CT!O$2:O$327,MATCH($R$2&$R$1&$B48,Data_CT!$B$2:$B$327&Data_CT!$A$2:$A$327&Data_CT!$F$2:$F$327,0)),"")} -> 0 | M48: {=IFERROR(INDEX(Data_CT!P$2:P$327,MATCH($R$2&$R$1&$B48,Data_CT!$B$2:$B$327&Data_CT!$A$2:$A$327&Data_CT!$F$2:$F$327,0)),"")} | N48: {=IFERROR(INDEX(Data_CT!Q$2:Q$327,MATCH($R$2&$R$1&$B48,Data_CT!$B$2:$B$327&Data_CT!$A$2:$A$327&Data_CT!$F$2:$F$327,0)),"")} -> Mái tầng 1 | P48: {=IFERROR(INDEX(Data_CT!R$2:R$327,MATCH($R$2&$R$1&$B48,Data_CT!$B$2:$B$327&Data_CT!$A$2:$A$327&Data_CT!$F$2:$F$327,0)),"")} -> Xong khung BTCT
A49: 7 | B49: Lô 10D | C49: {=IFERROR(INDEX(Data_CT!G$2:G$327,MATCH($R$2&$R$1&$B49,Data_CT!$B$2:$B$327&Data_CT!$A$2:$A$327&Data_CT!$F$2:$F$327,0)),"")} -> 1355857000 | D49: {=IFERROR(INDEX(Data_CT!H$2:H$327,MATCH($R$2&$R$1&$B49,Data_CT!$B$2:$B$327&Data_CT!$A$2:$A$327&Data_CT!$F$2:$F$327,0)),"")} -> 524149542 | E49: {=IFERROR(INDEX(Data_CT!I$2:I$327,MATCH($R$2&$R$1&$B49,Data_CT!$B$2:$B$327&Data_CT!$A$2:$A$327&Data_CT!$F$2:$F$327,0)),"")} -> 400000000 | F49: {=IFERROR(INDEX(Data_CT!J$2:J$327,MATCH($R$2&$R$1&$B49,Data_CT!$B$2:$B$327&Data_CT!$A$2:$A$327&Data_CT!$F$2:$F$327,0)),"")} -> 0 | G49: {=IFERROR(INDEX(Data_CT!K$2:K$327,MATCH($R$2&$R$1&$B49,Data_CT!$B$2:$B$327&Data_CT!$A$2:$A$327&Data_CT!$F$2:$F$327,0)),"")} -> 0 | H49: {=IFERROR(INDEX(Data_CT!L$2:L$327,MATCH($R$2&$R$1&$B49,Data_CT!$B$2:$B$327&Data_CT!$A$2:$A$327&Data_CT!$F$2:$F$327,0)),"")} -> 400000000 | I49: {=IFERROR(INDEX(Data_CT!M$2:M$327,MATCH($R$2&$R$1&$B49,Data_CT!$B$2:$B$327&Data_CT!$A$2:$A$327&Data_CT!$F$2:$F$327,0)),"")} -> 0 | J49: {=IFERROR(INDEX(Data_CT!N$2:N$327,MATCH($R$2&$R$1&$B49,Data_CT!$B$2:$B$327&Data_CT!$A$2:$A$327&Data_CT!$F$2:$F$327,0)),"")} -> 0 | K49: {=IFERROR(INDEX(Data_CT!O$2:O$327,MATCH($R$2&$R$1&$B49,Data_CT!$B$2:$B$327&Data_CT!$A$2:$A$327&Data_CT!$F$2:$F$327,0)),"")} -> 0 | M49: {=IFERROR(INDEX(Data_CT!P$2:P$327,MATCH($R$2&$R$1&$B49,Data_CT!$B$2:$B$327&Data_CT!$A$2:$A$327&Data_CT!$F$2:$F$327,0)),"")} | N49: {=IFERROR(INDEX(Data_CT!Q$2:Q$327,MATCH($R$2&$R$1&$B49,Data_CT!$B$2:$B$327&Data_CT!$A$2:$A$327&Data_CT!$F$2:$F$327,0)),"")} -> Mái tầng 1 | P49: {=IFERROR(INDEX(Data_CT!R$2:R$327,MATCH($R$2&$R$1&$B49,Data_CT!$B$2:$B$327&Data_CT!$A$2:$A$327&Data_CT!$F$2:$F$327,0)),"")} -> Cột Tầng 1
A50: 8 | B50: Lô 11D | C50: {=IFERROR(INDEX(Data_CT!G$2:G$327,MATCH($R$2&$R$1&$B50,Data_CT!$B$2:$B$327&Data_CT!$A$2:$A$327&Data_CT!$F$2:$F$327,0)),"")} -> 1227450000 | D50: {=IFERROR(INDEX(Data_CT!H$2:H$327,MATCH($R$2&$R$1&$B50,Data_CT!$B$2:$B$327&Data_CT!$A$2:$A$327&Data_CT!$F$2:$F$327,0)),"")} -> 1227450000 | E50: {=IFERROR(INDEX(Data_CT!I$2:I$327,MATCH($R$2&$R$1&$B50,Data_CT!$B$2:$B$327&Data_CT!$A$2:$A$327&Data_CT!$F$2:$F$327,0)),"")} -> 1227450000 | F50: {=IFERROR(INDEX(Data_CT!J$2:J$327,MATCH($R$2&$R$1&$B50,Data_CT!$B$2:$B$327&Data_CT!$A$2:$A$327&Data_CT!$F$2:$F$327,0)),"")} -> 0 | G50: {=IFERROR(INDEX(Data_CT!K$2:K$327,MATCH($R$2&$R$1&$B50,Data_CT!$B$2:$B$327&Data_CT!$A$2:$A$327&Data_CT!$F$2:$F$327,0)),"")} -> 0 | H50: {=IFERROR(INDEX(Data_CT!L$2:L$327,MATCH($R$2&$R$1&$B50,Data_CT!$B$2:$B$327&Data_CT!$A$2:$A$327&Data_CT!$F$2:$F$327,0)),"")} -> 0 | I50: {=IFERROR(INDEX(Data_CT!M$2:M$327,MATCH($R$2&$R$1&$B50,Data_CT!$B$2:$B$327&Data_CT!$A$2:$A$327&Data_CT!$F$2:$F$327,0)),"")} -> 0 | J50: {=IFERROR(INDEX(Data_CT!N$2:N$327,MATCH($R$2&$R$1&$B50,Data_CT!$B$2:$B$327&Data_CT!$A$2:$A$327&Data_CT!$F$2:$F$327,0)),"")} -> 1.4586667e+08 | K50: {=IFERROR(INDEX(Data_CT!O$2:O$327,MATCH($R$2&$R$1&$B50,Data_CT!$B$2:$B$327&Data_CT!$A$2:$A$327&Data_CT!$F$2:$F$327,0)),"")} -> 145866567 | M50: {=IFERROR(INDEX(Data_CT!P$2:P$327,MATCH($R$2&$R$1&$B50,Data_CT!$B$2:$B$327&Data_CT!$A$2:$A$327&Data_CT!$F$2:$F$327,0)),"")} -> 1227450000 | N50: {=IFERROR(INDEX(Data_CT!Q$2:Q$327,MATCH($R$2&$R$1&$B50,Data_CT!$B$2:$B$327&Data_CT!$A$2:$A$327&Data_CT!$F$2:$F$327,0)),"")} -> 0 | P50: {=IFERROR(INDEX(Data_CT!R$2:R$327,MATCH($R$2&$R$1&$B50,Data_CT!$B$2:$B$327&Data_CT!$A$2:$A$327&Data_CT!$F$2:$F$327,0)),"")} -> 0
A51: 9 | B51: Lô 14D-A | C51: {=IFERROR(INDEX(Data_CT!G$2:G$327,MATCH($R$2&$R$1&$B51,Data_CT!$B$2:$B$327&Data_CT!$A$2:$A$327&Data_CT!$F$2:$F$327,0)),"")} -> 1190874000 | D51: {=IFERROR(INDEX(Data_CT!H$2:H$327,MATCH($R$2&$R$1&$B51,Data_CT!$B$2:$B$327&Data_CT!$A$2:$A$327&Data_CT!$F$2:$F$327,0)),"")} -> 948927331 | E51: {=IFERROR(INDEX(Data_CT!I$2:I$327,MATCH($R$2&$R$1&$B51,Data_CT!$B$2:$B$327&Data_CT!$A$2:$A$327&Data_CT!$F$2:$F$327,0)),"")} -> 800000000 | F51: {=IFERROR(INDEX(Data_CT!J$2:J$327,MATCH($R$2&$R$1&$B51,Data_CT!$B$2:$B$327&Data_CT!$A$2:$A$327&Data_CT!$F$2:$F$327,0)),"")} -> 0 | G51: {=IFERROR(INDEX(Data_CT!K$2:K$327,MATCH($R$2&$R$1&$B51,Data_CT!$B$2:$B$327&Data_CT!$A$2:$A$327&Data_CT!$F$2:$F$327,0)),"")} -> 263622675 | H51: {=IFERROR(INDEX(Data_CT!L$2:L$327,MATCH($R$2&$R$1&$B51,Data_CT!$B$2:$B$327&Data_CT!$A$2:$A$327&Data_CT!$F$2:$F$327,0)),"")} -> 350000000 | I51: {=IFERROR(INDEX(Data_CT!M$2:M$327,MATCH($R$2&$R$1&$B51,Data_CT!$B$2:$B$327&Data_CT!$A$2:$A$327&Data_CT!$F$2:$F$327,0)),"")} -> 0 | J51: {=IFERROR(INDEX(Data_CT!N$2:N$327,MATCH($R$2&$R$1&$B51,Data_CT!$B$2:$B$327&Data_CT!$A$2:$A$327&Data_CT!$F$2:$F$327,0)),"")} -> 0 | K51: {=IFERROR(INDEX(Data_CT!O$2:O$327,MATCH($R$2&$R$1&$B51,Data_CT!$B$2:$B$327&Data_CT!$A$2:$A$327&Data_CT!$F$2:$F$327,0)),"")} -> 0 | M51: {=IFERROR(INDEX(Data_CT!P$2:P$327,MATCH($R$2&$R$1&$B51,Data_CT!$B$2:$B$327&Data_CT!$A$2:$A$327&Data_CT!$F$2:$F$327,0)),"")} | N51: {=IFERROR(INDEX(Data_CT!Q$2:Q$327,MATCH($R$2&$R$1&$B51,Data_CT!$B$2:$B$327&Data_CT!$A$2:$A$327&Data_CT!$F$2:$F$327,0)),"")} -> Mái tầng 3 | P51: {=IFERROR(INDEX(Data_CT!R$2:R$327,MATCH($R$2&$R$1&$B51,Data_CT!$B$2:$B$327&Data_CT!$A$2:$A$327&Data_CT!$F$2:$F$327,0)),"")} -> Xong khung BTCT
A52: 10 | B52: Lô 14D-B | C52: {=IFERROR(INDEX(Data_CT!G$2:G$327,MATCH($R$2&$R$1&$B52,Data_CT!$B$2:$B$327&Data_CT!$A$2:$A$327&Data_CT!$F$2:$F$327,0)),"")} -> 1202288000 | D52: {=IFERROR(INDEX(Data_CT!H$2:H$327,MATCH($R$2&$R$1&$B52,Data_CT!$B$2:$B$327&Data_CT!$A$2:$A$327&Data_CT!$F$2:$F$327,0)),"")} -> 1202288000 | E52: {=IFERROR(INDEX(Data_CT!I$2:I$327,MATCH($R$2&$R$1&$B52,Data_CT!$B$2:$B$327&Data_CT!$A$2:$A$327&Data_CT!$F$2:$F$327,0)),"")} -> 1202288000 | F52: {=IFERROR(INDEX(Data_CT!J$2:J$327,MATCH($R$2&$R$1&$B52,Data_CT!$B$2:$B$327&Data_CT!$A$2:$A$327&Data_CT!$F$2:$F$327,0)),"")} -> 0 | G52: {=IFERROR(INDEX(Data_CT!K$2:K$327,MATCH($R$2&$R$1&$B52,Data_CT!$B$2:$B$327&Data_CT!$A$2:$A$327&Data_CT!$F$2:$F$327,0)),"")} -> 0 | H52: {=IFERROR(INDEX(Data_CT!L$2:L$327,MATCH($R$2&$R$1&$B52,Data_CT!$B$2:$B$327&Data_CT!$A$2:$A$327&Data_CT!$F$2:$F$327,0)),"")} -> 0 | I52: {=IFERROR(INDEX(Data_CT!M$2:M$327,MATCH($R$2&$R$1&$B52,Data_CT!$B$2:$B$327&Data_CT!$A$2:$A$327&Data_CT!$F$2:$F$327,0)),"")} -> 0 | J52: {=IFERROR(INDEX(Data_CT!N$2:N$327,MATCH($R$2&$R$1&$B52,Data_CT!$B$2:$B$327&Data_CT!$A$2:$A$327&Data_CT!$F$2:$F$327,0)),"")} -> 1.3969259e+08 | K52: {=IFERROR(INDEX(Data_CT!O$2:O$327,MATCH($R$2&$R$1&$B52,Data_CT!$B$2:$B$327&Data_CT!$A$2:$A$327&Data_CT!$F$2:$F$327,0)),"")} -> 139692565 | M52: {=IFERROR(INDEX(Data_CT!P$2:P$327,MATCH($R$2&$R$1&$B52,Data_CT!$B$2:$B$327&Data_CT!$A$2:$A$327&Data_CT!$F$2:$F$327,0)),"")} -> 1202288000 | N52: {=IFERROR(INDEX(Data_CT!Q$2:Q$327,MATCH($R$2&$R$1&$B52,Data_CT!$B$2:$B$327&Data_CT!$A$2:$A$327&Data_CT!$F$2:$F$327,0)),"")} -> 0 | P52: {=IFERROR(INDEX(Data_CT!R$2:R$327,MATCH($R$2&$R$1&$B52,Data_CT!$B$2:$B$327&Data_CT!$A$2:$A$327&Data_CT!$F$2:$F$327,0)),"")} -> 0
A53: 11 | B53: Lô 18D | C53: {=IFERROR(INDEX(Data_CT!G$2:G$327,MATCH($R$2&$R$1&$B53,Data_CT!$B$2:$B$327&Data_CT!$A$2:$A$327&Data_CT!$F$2:$F$327,0)),"")} -> 1552019000 | D53: {=IFERROR(INDEX(Data_CT!H$2:H$327,MATCH($R$2&$R$1&$B53,Data_CT!$B$2:$B$327&Data_CT!$A$2:$A$327&Data_CT!$F$2:$F$327,0)),"")} -> 1552019000 | E53: {=IFERROR(INDEX(Data_CT!I$2:I$327,MATCH($R$2&$R$1&$B53,Data_CT!$B$2:$B$327&Data_CT!$A$2:$A$327&Data_CT!$F$2:$F$327,0)),"")} -> 1552019000 | F53: {=IFERROR(INDEX(Data_CT!J$2:J$327,MATCH($R$2&$R$1&$B53,Data_CT!$B$2:$B$327&Data_CT!$A$2:$A$327&Data_CT!$F$2:$F$327,0)),"")} -> 0 | G53: {=IFERROR(INDEX(Data_CT!K$2:K$327,MATCH($R$2&$R$1&$B53,Data_CT!$B$2:$B$327&Data_CT!$A$2:$A$327&Data_CT!$F$2:$F$327,0)),"")} -> 0 | H53: {=IFERROR(INDEX(Data_CT!L$2:L$327,MATCH($R$2&$R$1&$B53,Data_CT!$B$2:$B$327&Data_CT!$A$2:$A$327&Data_CT!$F$2:$F$327,0)),"")} -> 0 | I53: {=IFERROR(INDEX(Data_CT!M$2:M$327,MATCH($R$2&$R$1&$B53,Data_CT!$B$2:$B$327&Data_CT!$A$2:$A$327&Data_CT!$F$2:$F$327,0)),"")} -> 0 | J53: {=IFERROR(INDEX(Data_CT!N$2:N$327,MATCH($R$2&$R$1&$B53,Data_CT!$B$2:$B$327&Data_CT!$A$2:$A$327&Data_CT!$F$2:$F$327,0)),"")} -> 137225000 | K53: {=IFERROR(INDEX(Data_CT!O$2:O$327,MATCH($R$2&$R$1&$B53,Data_CT!$B$2:$B$327&Data_CT!$A$2:$A$327&Data_CT!$F$2:$F$327,0)),"")} -> 137225262 | M53: {=IFERROR(INDEX(Data_CT!P$2:P$327,MATCH($R$2&$R$1&$B53,Data_CT!$B$2:$B$327&Data_CT!$A$2:$A$327&Data_CT!$F$2:$F$327,0)),"")} -> 1552019000 | N53: {=IFERROR(INDEX(Data_CT!Q$2:Q$327,MATCH($R$2&$R$1&$B53,Data_CT!$B$2:$B$327&Data_CT!$A$2:$A$327&Data_CT!$F$2:$F$327,0)),"")} -> 0 | P53: {=IFERROR(INDEX(Data_CT!R$2:R$327,MATCH($R$2&$R$1&$B53,Data_CT!$B$2:$B$327&Data_CT!$A$2:$A$327&Data_CT!$F$2:$F$327,0)),"")} -> 0
A54: 12 | B54: Lô 20D-A | C54: {=IFERROR(INDEX(Data_CT!G$2:G$327,MATCH($R$2&$R$1&$B54,Data_CT!$B$2:$B$327&Data_CT!$A$2:$A$327&Data_CT!$F$2:$F$327,0)),"")} -> 1191696000 | D54: {=IFERROR(INDEX(Data_CT!H$2:H$327,MATCH($R$2&$R$1&$B54,Data_CT!$B$2:$B$327&Data_CT!$A$2:$A$327&Data_CT!$F$2:$F$327,0)),"")} -> 1191696000 | E54: {=IFERROR(INDEX(Data_CT!I$2:I$327,MATCH($R$2&$R$1&$B54,Data_CT!$B$2:$B$327&Data_CT!$A$2:$A$327&Data_CT!$F$2:$F$327,0)),"")} -> 1191696000 | F54: {=IFERROR(INDEX(Data_CT!J$2:J$327,MATCH($R$2&$R$1&$B54,Data_CT!$B$2:$B$327&Data_CT!$A$2:$A$327&Data_CT!$F$2:$F$327,0)),"")} -> 0 | G54: {=IFERROR(INDEX(Data_CT!K$2:K$327,MATCH($R$2&$R$1&$B54,Data_CT!$B$2:$B$327&Data_CT!$A$2:$A$327&Data_CT!$F$2:$F$327,0)),"")} -> 0 | H54: {=IFERROR(INDEX(Data_CT!L$2:L$327,MATCH($R$2&$R$1&$B54,Data_CT!$B$2:$B$327&Data_CT!$A$2:$A$327&Data_CT!$F$2:$F$327,0)),"")} -> 0 | I54: {=IFERROR(INDEX(Data_CT!M$2:M$327,MATCH($R$2&$R$1&$B54,Data_CT!$B$2:$B$327&Data_CT!$A$2:$A$327&Data_CT!$F$2:$F$327,0)),"")} -> 0 | J54: {=IFERROR(INDEX(Data_CT!N$2:N$327,MATCH($R$2&$R$1&$B54,Data_CT!$B$2:$B$327&Data_CT!$A$2:$A$327&Data_CT!$F$2:$F$327,0)),"")} -> 125000000 | K54: {=IFERROR(INDEX(Data_CT!O$2:O$327,MATCH($R$2&$R$1&$B54,Data_CT!$B$2:$B$327&Data_CT!$A$2:$A$327&Data_CT!$F$2:$F$327,0)),"")} -> 125000000 | M54: {=IFERROR(INDEX(Data_CT!P$2:P$327,MATCH($R$2&$R$1&$B54,Data_CT!$B$2:$B$327&Data_CT!$A$2:$A$327&Data_CT!$F$2:$F$327,0)),"")} -> 1191696000 | N54: {=IFERROR(INDEX(Data_CT!Q$2:Q$327,MATCH($R$2&$R$1&$B54,Data_CT!$B$2:$B$327&Data_CT!$A$2:$A$327&Data_CT!$F$2:$F$327,0)),"")} -> 0 | P54: {=IFERROR(INDEX(Data_CT!R$2:R$327,MATCH($R$2&$R$1&$B54,Data_CT!$B$2:$B$327&Data_CT!$A$2:$A$327&Data_CT!$F$2:$F$327,0)),"")} -> 0
... A63: 21 | B63: Lô 27D | C63: {=IFERROR(INDEX(Data_CT!G$2:G$327,MATCH($R$2&$R$1&$B63,Data_CT!$B$2:$B$327&Data_CT!$A$2:$A$327&Data_CT!$F$2:$F$327,0)),"")} -> 1509219000 | D63: {=IFERROR(INDEX(Data_CT!H$2:H$327,MATCH($R$2&$R$1&$B63,Data_CT!$B$2:$B$327&Data_CT!$A$2:$A$327&Data_CT!$F$2:$F$327,0)),"")} -> 426300000 | E63: {=IFERROR(INDEX(Data_CT!I$2:I$327,MATCH($R$2&$R$1&$B63,Data_CT!$B$2:$B$327&Data_CT!$A$2:$A$327&Data_CT!$F$2:$F$327,0)),"")} -> 300000000 | F63: {=IFERROR(INDEX(Data_CT!J$2:J$327,MATCH($R$2&$R$1&$B63,Data_CT!$B$2:$B$327&Data_CT!$A$2:$A$327&Data_CT!$F$2:$F$327,0)),"")} -> 0 | G63: {=IFERROR(INDEX(Data_CT!K$2:K$327,MATCH($R$2&$R$1&$B63,Data_CT!$B$2:$B$327&Data_CT!$A$2:$A$327&Data_CT!$F$2:$F$327,0)),"")} -> 0 | H63: {=IFERROR(INDEX(Data_CT!L$2:L$327,MATCH($R$2&$R$1&$B63,Data_CT!$B$2:$B$327&Data_CT!$A$2:$A$327&Data_CT!$F$2:$F$327,0)),"")} -> 0 | I63: {=IFERROR(INDEX(Data_CT!M$2:M$327,MATCH($R$2&$R$1&$B63,Data_CT!$B$2:$B$327&Data_CT!$A$2:$A$327&Data_CT!$F$2:$F$327,0)),"")} -> 0 | J63: {=IFERROR(INDEX(Data_CT!N$2:N$327,MATCH($R$2&$R$1&$B63,Data_CT!$B$2:$B$327&Data_CT!$A$2:$A$327&Data_CT!$F$2:$F$327,0)),"")} -> 0 | K63: {=IFERROR(INDEX(Data_CT!O$2:O$327,MATCH($R$2&$R$1&$B63,Data_CT!$B$2:$B$327&Data_CT!$A$2:$A$327&Data_CT!$F$2:$F$327,0)),"")} -> 0 | M63: {=IFERROR(INDEX(Data_CT!P$2:P$327,MATCH($R$2&$R$1&$B63,Data_CT!$B$2:$B$327&Data_CT!$A$2:$A$327&Data_CT!$F$2:$F$327,0)),"")} | N63: {=IFERROR(INDEX(Data_CT!Q$2:Q$327,MATCH($R$2&$R$1&$B63,Data_CT!$B$2:$B$327&Data_CT!$A$2:$A$327&Data_CT!$F$2:$F$327,0)),"")} -> Mái tầng 1 | P63: {=IFERROR(INDEX(Data_CT!R$2:R$327,MATCH($R$2&$R$1&$B63,Data_CT!$B$2:$B$327&Data_CT!$A$2:$A$327&Data_CT!$F$2:$F$327,0)),"")} -> Móng
A64: II | B64: Trại chuối GĐ 2 | L64: =IF(P64 = "Đã quyết toán", C64, _xludf.LET( MaLo, B64, TienDoHienTai_Text, M64, Diem_HienTai, _xludf.IFNA(VLOOKUP(TienDoHienTai_Text, CauHinh!$A:$B, 2, 0), 0), Tien_Dot1, VLOOKUP(MaLo, 'TIẾN ĐỘ NỘP TIỀN'!$B:$Z, 3, 0), Tien_Dot2, VLOOKUP(MaLo, 'TIẾN ĐỘ NỘP TIỀN'!$B:$Z, 5, 0), Tien_Dot3, VLOOKUP(MaLo, 'TIẾN ĐỘ NỘP TIỀN'!$B:$Z, 7, 0), Tien_Dot4, IFERROR(VLOOKUP(MaLo, 'TIẾN ĐỘ NỘP TIỀN'!$B:$Z, 9, 0), 0), Moc_Diem_1, VLOOKUP(MaLo, 'TIẾN ĐỘ NỘP TIỀN'!$B:$Z, 23, 0), Moc_Diem_2, VLOOKUP(MaLo, 'TIẾN ĐỘ NỘP TIỀN'!$B:$Z, 24, 0), Moc_Diem_3, VLOOKUP(MaLo, 'TIẾN ĐỘ NỘP TIỀN'!$B:$Z, 25, 0), Can_Dot2, Diem_HienTai >= (Moc_Diem_1 - 10), Can_Dot3, Diem_HienTai >= (Moc_Diem_2 - 10), Can_Dot4, Diem_HienTai >= (Moc_Diem_3 - 10), PhaiNop, Tien_Dot1 + IF(Can_Dot2, Tien_Dot2, 0) + IF(Can_Dot3, Tien_Dot3, 0) + IF(Can_Dot4, Tien_Dot4, 0), PhaiNop ) ) -> #NAME? | O64: =_xludf.LET( TienDaDong, E64+I64, TienYeuCau, L64, TrangThai_P, P64, KetQua, IF(OR(TienYeuCau=0, TienYeuCau=""), "", IF(TienDaDong >= TienYeuCau, "✅ Đủ tiền", _xludf.LET( MaLo, B64, TienDoHienTai_Text, M64, Diem_HienTai, _xludf.IFNA(VLOOKUP(TienDoHienTai_Text, CauHinh!$A:$B, 2, 0), 0), Moc_Diem_1, VLOOKUP(MaLo, 'TIẾN ĐỘ NỘP TIỀN'!$B:$Z, 23, 0), Moc_Diem_2, VLOOKUP(MaLo, 'TIẾN ĐỘ NỘP TIỀN'!$B:$Z, 24, 0), Moc_Diem_3, VLOOKUP(MaLo, 'TIẾN ĐỘ NỘP TIỀN'!$B:$Z, 25, 0), TenDot, IF(TrangThai_P="Đã quyết toán", "Quyết toán", _xludf.IFS(Diem_HienTai >= (Moc_Diem_3 - 10), "Đợt 4", Diem_HienTai >= (Moc_Diem_2 - 10), "Đợt 3", Diem_HienTai >= (Moc_Diem_1 - 10), "Đợt 2", TRUE, "Đợt 1") ), "⚠️ Cần nộp " & TenDot & " (Còn thiếu " & TEXT(TienYeuCau - TienDaDong, "#,##0") & ") - Tổng cần nộp: " & TEXT(TienYeuCau, "#,##0") ))), KetQua ) -> #NAME?
A65: 1 | B65: Lô 5E-A | C65: {=IFERROR(INDEX(Data_CT!G$2:G$327,MATCH($R$2&$R$1&$B65,Data_CT!$B$2:$B$327&Data_CT!$A$2:$A$327&Data_CT!$F$2:$F$327,0)),"")} -> 1450000000 | D65: {=IFERROR(INDEX(Data_CT!H$2:H$327,MATCH($R$2&$R$1&$B65,Data_CT!$B$2:$B$327&Data_CT!$A$2:$A$327&Data_CT!$F$2:$F$327,0)),"")} -> 932732583 | E65: {=IFERROR(INDEX(Data_CT!I$2:I$327,MATCH($R$2&$R$1&$B65,Data_CT!$B$2:$B$327&Data_CT!$A$2:$A$327&Data_CT!$F$2:$F$327,0)),"")} -> 1300000000 | F65: {=IFERROR(INDEX(Data_CT!J$2:J$327,MATCH($R$2&$R$1&$B65,Data_CT!$B$2:$B$327&Data_CT!$A$2:$A$327&Data_CT!$F$2:$F$327,0)),"")} -> 0 | G65: {=IFERROR(INDEX(Data_CT!K$2:K$327,MATCH($R$2&$R$1&$B65,Data_CT!$B$2:$B$327&Data_CT!$A$2:$A$327&Data_CT!$F$2:$F$327,0)),"")} -> 419388750 | H65: {=IFERROR(INDEX(Data_CT!L$2:L$327,MATCH($R$2&$R$1&$B65,Data_CT!$B$2:$B$327&Data_CT!$A$2:$A$327&Data_CT!$F$2:$F$327,0)),"")} -> 0 | I65: {=IFERROR(INDEX(Data_CT!M$2:M$327,MATCH($R$2&$R$1&$B65,Data_CT!$B$2:$B$327&Data_CT!$A$2:$A$327&Data_CT!$F$2:$F$327,0)),"")} -> 100000000 | J65: {=IFERROR(INDEX(Data_CT!N$2:N$327,MATCH($R$2&$R$1&$B65,Data_CT!$B$2:$B$327&Data_CT!$A$2:$A$327&Data_CT!$F$2:$F$327,0)),"")} -> 0 | K65: {=IFERROR(INDEX(Data_CT!O$2:O$327,MATCH($R$2&$R$1&$B65,Data_CT!$B$2:$B$327&Data_CT!$A$2:$A$327&Data_CT!$F$2:$F$327,0)),"")} -> 0 | M65: {=IFERROR(INDEX(Data_CT!P$2:P$327,MATCH($R$2&$R$1&$B65,Data_CT!$B$2:$B$327&Data_CT!$A$2:$A$327&Data_CT!$F$2:$F$327,0)),"")} | N65: {=IFERROR(INDEX(Data_CT!Q$2:Q$327,MATCH($R$2&$R$1&$B65,Data_CT!$B$2:$B$327&Data_CT!$A$2:$A$327&Data_CT!$F$2:$F$327,0)),"")} -> Mái tầng 3 | P65: {=IFERROR(INDEX(Data_CT!R$2:R$327,MATCH($R$2&$R$1&$B65,Data_CT!$B$2:$B$327&Data_CT!$A$2:$A$327&Data_CT!$F$2:$F$327,0)),"")} -> Xong khung BTCT
A66: 2 | B66: Lô 5E-B | C66: {=IFERROR(INDEX(Data_CT!G$2:G$327,MATCH($R$2&$R$1&$B66,Data_CT!$B$2:$B$327&Data_CT!$A$2:$A$327&Data_CT!$F$2:$F$327,0)),"")} -> 1450000000 | D66: {=IFERROR(INDEX(Data_CT!H$2:H$327,MATCH($R$2&$R$1&$B66,Data_CT!$B$2:$B$327&Data_CT!$A$2:$A$327&Data_CT!$F$2:$F$327,0)),"")} -> 665581949 | E66: {=IFERROR(INDEX(Data_CT!I$2:I$327,MATCH($R$2&$R$1&$B66,Data_CT!$B$2:$B$327&Data_CT!$A$2:$A$327&Data_CT!$F$2:$F$327,0)),"")} -> 1400000000 | F66: {=IFERROR(INDEX(Data_CT!J$2:J$327,MATCH($R$2&$R$1&$B66,Data_CT!$B$2:$B$327&Data_CT!$A$2:$A$327&Data_CT!$F$2:$F$327,0)),"")} -> 0 | G66: {=IFERROR(INDEX(Data_CT!K$2:K$327,MATCH($R$2&$R$1&$B66,Data_CT!$B$2:$B$327&Data_CT!$A$2:$A$327&Data_CT!$F$2:$F$327,0)),"")} -> 419388750 | H66: {=IFERROR(INDEX(Data_CT!L$2:L$327,MATCH($R$2&$R$1&$B66,Data_CT!$B$2:$B$327&Data_CT!$A$2:$A$327&Data_CT!$F$2:$F$327,0)),"")} -> 0 | I66: {=IFERROR(INDEX(Data_CT!M$2:M$327,MATCH($R$2&$R$1&$B66,Data_CT!$B$2:$B$327&Data_CT!$A$2:$A$327&Data_CT!$F$2:$F$327,0)),"")} -> 0 | J66: {=IFERROR(INDEX(Data_CT!N$2:N$327,MATCH($R$2&$R$1&$B66,Data_CT!$B$2:$B$327&Data_CT!$A$2:$A$327&Data_CT!$F$2:$F$327,0)),"")} -> 0 | K66: {=IFERROR(INDEX(Data_CT!O$2:O$327,MATCH($R$2&$R$1&$B66,Data_CT!$B$2:$B$327&Data_CT!$A$2:$A$327&Data_CT!$F$2:$F$327,0)),"")} -> 0 | M66: {=IFERROR(INDEX(Data_CT!P$2:P$327,MATCH($R$2&$R$1&$B66,Data_CT!$B$2:$B$327&Data_CT!$A$2:$A$327&Data_CT!$F$2:$F$327,0)),"")} | N66: {=IFERROR(INDEX(Data_CT!Q$2:Q$327,MATCH($R$2&$R$1&$B66,Data_CT!$B$2:$B$327&Data_CT!$A$2:$A$327&Data_CT!$F$2:$F$327,0)),"")} -> Mái tầng 3 | P66: {=IFERROR(INDEX(Data_CT!R$2:R$327,MATCH($R$2&$R$1&$B66,Data_CT!$B$2:$B$327&Data_CT!$A$2:$A$327&Data_CT!$F$2:$F$327,0)),"")} -> Xong khung BTCT
A67: 3 | B67: Lô 6E-B | C67: {=IFERROR(INDEX(Data_CT!G$2:G$327,MATCH($R$2&$R$1&$B67,Data_CT!$B$2:$B$327&Data_CT!$A$2:$A$327&Data_CT!$F$2:$F$327,0)),"")} -> 1667337000 | D67: {=IFERROR(INDEX(Data_CT!H$2:H$327,MATCH($R$2&$R$1&$B67,Data_CT!$B$2:$B$327&Data_CT!$A$2:$A$327&Data_CT!$F$2:$F$327,0)),"")} -> 1667337000 | E67: {=IFERROR(INDEX(Data_CT!I$2:I$327,MATCH($R$2&$R$1&$B67,Data_CT!$B$2:$B$327&Data_CT!$A$2:$A$327&Data_CT!$F$2:$F$327,0)),"")} -> 1667337000 | F67: {=IFERROR(INDEX(Data_CT!J$2:J$327,MATCH($R$2&$R$1&$B67,Data_CT!$B$2:$B$327&Data_CT!$A$2:$A$327&Data_CT!$F$2:$F$327,0)),"")} -> 0 | G67: {=IFERROR(INDEX(Data_CT!K$2:K$327,MATCH($R$2&$R$1&$B67,Data_CT!$B$2:$B$327&Data_CT!$A$2:$A$327&Data_CT!$F$2:$F$327,0)),"")} -> 0 | H67: {=IFERROR(INDEX(Data_CT!L$2:L$327,MATCH($R$2&$R$1&$B67,Data_CT!$B$2:$B$327&Data_CT!$A$2:$A$327&Data_CT!$F$2:$F$327,0)),"")} -> 0 | I67: {=IFERROR(INDEX(Data_CT!M$2:M$327,MATCH($R$2&$R$1&$B67,Data_CT!$B$2:$B$327&Data_CT!$A$2:$A$327&Data_CT!$F$2:$F$327,0)),"")} -> 0 | J67: {=IFERROR(INDEX(Data_CT!N$2:N$327,MATCH($R$2&$R$1&$B67,Data_CT!$B$2:$B$327&Data_CT!$A$2:$A$327&Data_CT!$F$2:$F$327,0)),"")} -> 69430556 | K67: {=IFERROR(INDEX(Data_CT!O$2:O$327,MATCH($R$2&$R$1&$B67,Data_CT!$B$2:$B$327&Data_CT!$A$2:$A$327&Data_CT!$F$2:$F$327,0)),"")} -> 69430252 | M67: {=IFERROR(INDEX(Data_CT!P$2:P$327,MATCH($R$2&$R$1&$B67,Data_CT!$B$2:$B$327&Data_CT!$A$2:$A$327&Data_CT!$F$2:$F$327,0)),"")} -> 1667337000 | N67: {=IFERROR(INDEX(Data_CT!Q$2:Q$327,MATCH($R$2&$R$1&$B67,Data_CT!$B$2:$B$327&Data_CT!$A$2:$A$327&Data_CT!$F$2:$F$327,0)),"")} -> 0 | P67: {=IFERROR(INDEX(Data_CT!R$2:R$327,MATCH($R$2&$R$1&$B67,Data_CT!$B$2:$B$327&Data_CT!$A$2:$A$327&Data_CT!$F$2:$F$327,0)),"")} -> 0
A68: 4 | B68: Lô 8E | C68: {=IFERROR(INDEX(Data_CT!G$2:G$327,MATCH($R$2&$R$1&$B68,Data_CT!$B$2:$B$327&Data_CT!$A$2:$A$327&Data_CT!$F$2:$F$327,0)),"")} -> 2442810000 | D68: {=IFERROR(INDEX(Data_CT!H$2:H$327,MATCH($R$2&$R$1&$B68,Data_CT!$B$2:$B$327&Data_CT!$A$2:$A$327&Data_CT!$F$2:$F$327,0)),"")} -> 2442810000 | E68: {=IFERROR(INDEX(Data_CT!I$2:I$327,MATCH($R$2&$R$1&$B68,Data_CT!$B$2:$B$327&Data_CT!$A$2:$A$327&Data_CT!$F$2:$F$327,0)),"")} -> 2442810000 | F68: {=IFERROR(INDEX(Data_CT!J$2:J$327,MATCH($R$2&$R$1&$B68,Data_CT!$B$2:$B$327&Data_CT!$A$2:$A$327&Data_CT!$F$2:$F$327,0)),"")} -> 0 | G68: {=IFERROR(INDEX(Data_CT!K$2:K$327,MATCH($R$2&$R$1&$B68,Data_CT!$B$2:$B$327&Data_CT!$A$2:$A$327&Data_CT!$F$2:$F$327,0)),"")} -> 0 | H68: {=IFERROR(INDEX(Data_CT!L$2:L$327,MATCH($R$2&$R$1&$B68,Data_CT!$B$2:$B$327&Data_CT!$A$2:$A$327&Data_CT!$F$2:$F$327,0)),"")} -> 0 | I68: {=IFERROR(INDEX(Data_CT!M$2:M$327,MATCH($R$2&$R$1&$B68,Data_CT!$B$2:$B$327&Data_CT!$A$2:$A$327&Data_CT!$F$2:$F$327,0)),"")} -> 0 | J68: {=IFERROR(INDEX(Data_CT!N$2:N$327,MATCH($R$2&$R$1&$B68,Data_CT!$B$2:$B$327&Data_CT!$A$2:$A$327&Data_CT!$F$2:$F$327,0)),"")} -> 0 | K68: {=IFERROR(INDEX(Data_CT!O$2:O$327,MATCH($R$2&$R$1&$B68,Data_CT!$B$2:$B$327&Data_CT!$A$2:$A$327&Data_CT!$F$2:$F$327,0)),"")} -> 0 | M68: {=IFERROR(INDEX(Data_CT!P$2:P$327,MATCH($R$2&$R$1&$B68,Data_CT!$B$2:$B$327&Data_CT!$A$2:$A$327&Data_CT!$F$2:$F$327,0)),"")} -> 2442810000 | N68: {=IFERROR(INDEX(Data_CT!Q$2:Q$327,MATCH($R$2&$R$1&$B68,Data_CT!$B$2:$B$327&Data_CT!$A$2:$A$327&Data_CT!$F$2:$F$327,0)),"")} -> 0 | P68: {=IFERROR(INDEX(Data_CT!R$2:R$327,MATCH($R$2&$R$1&$B68,Data_CT!$B$2:$B$327&Data_CT!$A$2:$A$327&Data_CT!$F$2:$F$327,0)),"")} -> 0
A69: 5 | B69: Lô 9E | C69: {=IFERROR(INDEX(Data_CT!G$2:G$327,MATCH($R$2&$R$1&$B69,Data_CT!$B$2:$B$327&Data_CT!$A$2:$A$327&Data_CT!$F$2:$F$327,0)),"")} -> 1665300000 | D69: {=IFERROR(INDEX(Data_CT!H$2:H$327,MATCH($R$2&$R$1&$B69,Data_CT!$B$2:$B$327&Data_CT!$A$2:$A$327&Data_CT!$F$2:$F$327,0)),"")} -> 1584443250 | E69: {=IFERROR(INDEX(Data_CT!I$2:I$327,MATCH($R$2&$R$1&$B69,Data_CT!$B$2:$B$327&Data_CT!$A$2:$A$327&Data_CT!$F$2:$F$327,0)),"")} -> 800000000 | F69: {=IFERROR(INDEX(Data_CT!J$2:J$327,MATCH($R$2&$R$1&$B69,Data_CT!$B$2:$B$327&Data_CT!$A$2:$A$327&Data_CT!$F$2:$F$327,0)),"")} -> 0 | G69: {=IFERROR(INDEX(Data_CT!K$2:K$327,MATCH($R$2&$R$1&$B69,Data_CT!$B$2:$B$327&Data_CT!$A$2:$A$327&Data_CT!$F$2:$F$327,0)),"")} -> 0 | H69: {=IFERROR(INDEX(Data_CT!L$2:L$327,MATCH($R$2&$R$1&$B69,Data_CT!$B$2:$B$327&Data_CT!$A$2:$A$327&Data_CT!$F$2:$F$327,0)),"")} -> 0 | I69: {=IFERROR(INDEX(Data_CT!M$2:M$327,MATCH($R$2&$R$1&$B69,Data_CT!$B$2:$B$327&Data_CT!$A$2:$A$327&Data_CT!$F$2:$F$327,0)),"")} -> 0 | J69: {=IFERROR(INDEX(Data_CT!N$2:N$327,MATCH($R$2&$R$1&$B69,Data_CT!$B$2:$B$327&Data_CT!$A$2:$A$327&Data_CT!$F$2:$F$327,0)),"")} -> 0 | K69: {=IFERROR(INDEX(Data_CT!O$2:O$327,MATCH($R$2&$R$1&$B69,Data_CT!$B$2:$B$327&Data_CT!$A$2:$A$327&Data_CT!$F$2:$F$327,0)),"")} -> 0 | M69: {=IFERROR(INDEX(Data_CT!P$2:P$327,MATCH($R$2&$R$1&$B69,Data_CT!$B$2:$B$327&Data_CT!$A$2:$A$327&Data_CT!$F$2:$F$327,0)),"")} | N69: {=IFERROR(INDEX(Data_CT!Q$2:Q$327,MATCH($R$2&$R$1&$B69,Data_CT!$B$2:$B$327&Data_CT!$A$2:$A$327&Data_CT!$F$2:$F$327,0)),"")} -> 0 | P69: {=IFERROR(INDEX(Data_CT!R$2:R$327,MATCH($R$2&$R$1&$B69,Data_CT!$B$2:$B$327&Data_CT!$A$2:$A$327&Data_CT!$F$2:$F$327,0)),"")} -> Xong khung BTCT
A70: 6 | B70: Lô 11E | C70: {=IFERROR(INDEX(Data_CT!G$2:G$327,MATCH($R$2&$R$1&$B70,Data_CT!$B$2:$B$327&Data_CT!$A$2:$A$327&Data_CT!$F$2:$F$327,0)),"")} -> 1663272000 | D70: {=IFERROR(INDEX(Data_CT!H$2:H$327,MATCH($R$2&$R$1&$B70,Data_CT!$B$2:$B$327&Data_CT!$A$2:$A$327&Data_CT!$F$2:$F$327,0)),"")} -> 867957603 | E70: {=IFERROR(INDEX(Data_CT!I$2:I$327,MATCH($R$2&$R$1&$B70,Data_CT!$B$2:$B$327&Data_CT!$A$2:$A$327&Data_CT!$F$2:$F$327,0)),"")} -> 800000000 | F70: {=IFERROR(INDEX(Data_CT!J$2:J$327,MATCH($R$2&$R$1&$B70,Data_CT!$B$2:$B$327&Data_CT!$A$2:$A$327&Data_CT!$F$2:$F$327,0)),"")} -> 0 | G70: {=IFERROR(INDEX(Data_CT!K$2:K$327,MATCH($R$2&$R$1&$B70,Data_CT!$B$2:$B$327&Data_CT!$A$2:$A$327&Data_CT!$F$2:$F$327,0)),"")} -> 304792568 | H70: {=IFERROR(INDEX(Data_CT!L$2:L$327,MATCH($R$2&$R$1&$B70,Data_CT!$B$2:$B$327&Data_CT!$A$2:$A$327&Data_CT!$F$2:$F$327,0)),"")} -> 0 | I70: {=IFERROR(INDEX(Data_CT!M$2:M$327,MATCH($R$2&$R$1&$B70,Data_CT!$B$2:$B$327&Data_CT!$A$2:$A$327&Data_CT!$F$2:$F$327,0)),"")} -> 0 | J70: {=IFERROR(INDEX(Data_CT!N$2:N$327,MATCH($R$2&$R$1&$B70,Data_CT!$B$2:$B$327&Data_CT!$A$2:$A$327&Data_CT!$F$2:$F$327,0)),"")} -> 0 | K70: {=IFERROR(INDEX(Data_CT!O$2:O$327,MATCH($R$2&$R$1&$B70,Data_CT!$B$2:$B$327&Data_CT!$A$2:$A$327&Data_CT!$F$2:$F$327,0)),"")} -> 0 | M70: {=IFERROR(INDEX(Data_CT!P$2:P$327,MATCH($R$2&$R$1&$B70,Data_CT!$B$2:$B$327&Data_CT!$A$2:$A$327&Data_CT!$F$2:$F$327,0)),"")} | N70: {=IFERROR(INDEX(Data_CT!Q$2:Q$327,MATCH($R$2&$R$1&$B70,Data_CT!$B$2:$B$327&Data_CT!$A$2:$A$327&Data_CT!$F$2:$F$327,0)),"")} -> 0 | P70: {=IFERROR(INDEX(Data_CT!R$2:R$327,MATCH($R$2&$R$1&$B70,Data_CT!$B$2:$B$327&Data_CT!$A$2:$A$327&Data_CT!$F$2:$F$327,0)),"")} -> Xong khung BTCT
A71: III | B71: Hạ tầng | O71: =_xludf.LET( TienDaDong, E71, TienYeuCau, L71, KetQua, IF(OR(TienYeuCau=0, TienYeuCau=""), "", IF(TienDaDong >= TienYeuCau, "✅ Đủ tiền", _xludf.LET( MaLo, B71, TienDoHienTai_Text, N71, Diem_HienTai, _xludf.IFNA(VLOOKUP(TienDoHienTai_Text, CauHinh!$A:$B, 2, 0), 0), Moc_Diem_1, VLOOKUP(MaLo, 'TIẾN ĐỘ NỘP TIỀN'!$B:$Z, 23, 0), Moc_Diem_2, VLOOKUP(MaLo, 'TIẾN ĐỘ NỘP TIỀN'!$B:$Z, 24, 0), Moc_Diem_3, VLOOKUP(MaLo, 'TIẾN ĐỘ NỘP TIỀN'!$B:$Z, 25, 0), TenDot, _xludf.IFS(Diem_HienTai >= (Moc_Diem_3 - 10), "Đợt 4", Diem_HienTai >= (Moc_Diem_2 - 10), "Đợt 3", Diem_HienTai >= (Moc_Diem_1 - 10), "Đợt 2", TRUE, "Đợt 1"), "⚠️ Cần nộp " & TenDot & " (Còn thiếu " & TEXT(TienYeuCau - TienDaDong, "#,##0") & ") - Tổng cần nộp: " & TEXT(TienYeuCau, "#,##0") ))), KetQua ) -> #NAME?
A72: 1 | B72: Đường nội bộ (GĐI) | C72: {=IFERROR(INDEX(Data_CT!G$2:G$327,MATCH($R$2&$R$1&$B72,Data_CT!$B$2:$B$327&Data_CT!$A$2:$A$327&Data_CT!$F$2:$F$327,0)),"")} -> 2579225000 | D72: {=IFERROR(INDEX(Data_CT!H$2:H$327,MATCH($R$2&$R$1&$B72,Data_CT!$B$2:$B$327&Data_CT!$A$2:$A$327&Data_CT!$F$2:$F$327,0)),"")} -> 1943703960 | E72: {=IFERROR(INDEX(Data_CT!I$2:I$327,MATCH($R$2&$R$1&$B72,Data_CT!$B$2:$B$327&Data_CT!$A$2:$A$327&Data_CT!$F$2:$F$327,0)),"")} -> 0 | F72: {=IFERROR(INDEX(Data_CT!J$2:J$327,MATCH($R$2&$R$1&$B72,Data_CT!$B$2:$B$327&Data_CT!$A$2:$A$327&Data_CT!$F$2:$F$327,0)),"")} -> 0 | G72: {=IFERROR(INDEX(Data_CT!K$2:K$327,MATCH($R$2&$R$1&$B72,Data_CT!$B$2:$B$327&Data_CT!$A$2:$A$327&Data_CT!$F$2:$F$327,0)),"")} -> 0 | H72: {=IFERROR(INDEX(Data_CT!L$2:L$327,MATCH($R$2&$R$1&$B72,Data_CT!$B$2:$B$327&Data_CT!$A$2:$A$327&Data_CT!$F$2:$F$327,0)),"")} -> 0 | I72: {=IFERROR(INDEX(Data_CT!M$2:M$327,MATCH($R$2&$R$1&$B72,Data_CT!$B$2:$B$327&Data_CT!$A$2:$A$327&Data_CT!$F$2:$F$327,0)),"")} -> 0 | J72: {=IFERROR(INDEX(Data_CT!N$2:N$327,MATCH($R$2&$R$1&$B72,Data_CT!$B$2:$B$327&Data_CT!$A$2:$A$327&Data_CT!$F$2:$F$327,0)),"")} -> 0 | K72: {=IFERROR(INDEX(Data_CT!O$2:O$327,MATCH($R$2&$R$1&$B72,Data_CT!$B$2:$B$327&Data_CT!$A$2:$A$327&Data_CT!$F$2:$F$327,0)),"")} -> 0 | M72: {=IFERROR(INDEX(Data_CT!P$2:P$327,MATCH($R$2&$R$1&$B72,Data_CT!$B$2:$B$327&Data_CT!$A$2:$A$327&Data_CT!$F$2:$F$327,0)),"")} -> 0 | N72: {=IFERROR(INDEX(Data_CT!Q$2:Q$327,MATCH($R$2&$R$1&$B72,Data_CT!$B$2:$B$327&Data_CT!$A$2:$A$327&Data_CT!$F$2:$F$327,0)),"")} -> 0 | P72: {=IFERROR(INDEX(Data_CT!R$2:R$327,MATCH($R$2&$R$1&$B72,Data_CT!$B$2:$B$327&Data_CT!$A$2:$A$327&Data_CT!$F$2:$F$327,0)),"")} -> 0
A73: IV | B73: Nhà dịch vụ
A74: 1 | B74: Nhà dịch vụ công cộng (Tạm tính) | C74: {=IFERROR(INDEX(Data_CT!G$2:G$327,MATCH($R$2&$R$1&$B74,Data_CT!$B$2:$B$327&Data_CT!$A$2:$A$327&Data_CT!$F$2:$F$327,0)),"")} -> 6635659000 | D74: {=IFERROR(INDEX(Data_CT!H$2:H$327,MATCH($R$2&$R$1&$B74,Data_CT!$B$2:$B$327&Data_CT!$A$2:$A$327&Data_CT!$F$2:$F$327,0)),"")} -> 4643607000 | E74: {=IFERROR(INDEX(Data_CT!I$2:I$327,MATCH($R$2&$R$1&$B74,Data_CT!$B$2:$B$327&Data_CT!$A$2:$A$327&Data_CT!$F$2:$F$327,0)),"")} -> 0 | F74: {=IFERROR(INDEX(Data_CT!J$2:J$327,MATCH($R$2&$R$1&$B74,Data_CT!$B$2:$B$327&Data_CT!$A$2:$A$327&Data_CT!$F$2:$F$327,0)),"")} -> 0 | G74: {=IFERROR(INDEX(Data_CT!K$2:K$327,MATCH($R$2&$R$1&$B74,Data_CT!$B$2:$B$327&Data_CT!$A$2:$A$327&Data_CT!$F$2:$F$327,0)),"")} -> 660359400 | H74: {=IFERROR(INDEX(Data_CT!L$2:L$327,MATCH($R$2&$R$1&$B74,Data_CT!$B$2:$B$327&Data_CT!$A$2:$A$327&Data_CT!$F$2:$F$327,0)),"")} -> 0 | I74: {=IFERROR(INDEX(Data_CT!M$2:M$327,MATCH($R$2&$R$1&$B74,Data_CT!$B$2:$B$327&Data_CT!$A$2:$A$327&Data_CT!$F$2:$F$327,0)),"")} -> 0 | J74: {=IFERROR(INDEX(Data_CT!N$2:N$327,MATCH($R$2&$R$1&$B74,Data_CT!$B$2:$B$327&Data_CT!$A$2:$A$327&Data_CT!$F$2:$F$327,0)),"")} -> 0 | K74: {=IFERROR(INDEX(Data_CT!O$2:O$327,MATCH($R$2&$R$1&$B74,Data_CT!$B$2:$B$327&Data_CT!$A$2:$A$327&Data_CT!$F$2:$F$327,0)),"")} -> 0 | M74: {=IFERROR(INDEX(Data_CT!P$2:P$327,MATCH($R$2&$R$1&$B74,Data_CT!$B$2:$B$327&Data_CT!$A$2:$A$327&Data_CT!$F$2:$F$327,0)),"")} -> 0 | N74: {=IFERROR(INDEX(Data_CT!Q$2:Q$327,MATCH($R$2&$R$1&$B74,Data_CT!$B$2:$B$327&Data_CT!$A$2:$A$327&Data_CT!$F$2:$F$327,0)),"")} -> 0 | P74: {=IFERROR(INDEX(Data_CT!R$2:R$327,MATCH($R$2&$R$1&$B74,Data_CT!$B$2:$B$327&Data_CT!$A$2:$A$327&Data_CT!$F$2:$F$327,0)),"")} -> Xong khung BTCT
A75: V | B75: 326HBT | D75: 0 | E75: 0
A76: 1 | B76: Lô 34 | C76: {=IFERROR(INDEX(Data_CT!G$2:G$327,MATCH($R$2&$R$1&$B76,Data_CT!$B$2:$B$327&Data_CT!$A$2:$A$327&Data_CT!$F$2:$F$327,0)),"")} -> 1890897000 | D76: {=IFERROR(INDEX(Data_CT!H$2:H$327,MATCH($R$2&$R$1&$B76,Data_CT!$B$2:$B$327&Data_CT!$A$2:$A$327&Data_CT!$F$2:$F$327,0)),"")} -> 1890897000 | E76: {=IFERROR(INDEX(Data_CT!I$2:I$327,MATCH($R$2&$R$1&$B76,Data_CT!$B$2:$B$327&Data_CT!$A$2:$A$327&Data_CT!$F$2:$F$327,0)),"")} -> 1890897000 | F76: {=IFERROR(INDEX(Data_CT!J$2:J$327,MATCH($R$2&$R$1&$B76,Data_CT!$B$2:$B$327&Data_CT!$A$2:$A$327&Data_CT!$F$2:$F$327,0)),"")} -> 0 | G76: {=IFERROR(INDEX(Data_CT!K$2:K$327,MATCH($R$2&$R$1&$B76,Data_CT!$B$2:$B$327&Data_CT!$A$2:$A$327&Data_CT!$F$2:$F$327,0)),"")} -> 0 | H76: {=IFERROR(INDEX(Data_CT!L$2:L$327,MATCH($R$2&$R$1&$B76,Data_CT!$B$2:$B$327&Data_CT!$A$2:$A$327&Data_CT!$F$2:$F$327,0)),"")} -> 0 | I76: {=IFERROR(INDEX(Data_CT!M$2:M$327,MATCH($R$2&$R$1&$B76,Data_CT!$B$2:$B$327&Data_CT!$A$2:$A$327&Data_CT!$F$2:$F$327,0)),"")} -> 0 | J76: {=IFERROR(INDEX(Data_CT!N$2:N$327,MATCH($R$2&$R$1&$B76,Data_CT!$B$2:$B$327&Data_CT!$A$2:$A$327&Data_CT!$F$2:$F$327,0)),"")} -> 69595000 | K76: {=IFERROR(INDEX(Data_CT!O$2:O$327,MATCH($R$2&$R$1&$B76,Data_CT!$B$2:$B$327&Data_CT!$A$2:$A$327&Data_CT!$F$2:$F$327,0)),"")} -> 0 | M76: {=IFERROR(INDEX(Data_CT!P$2:P$327,MATCH($R$2&$R$1&$B76,Data_CT!$B$2:$B$327&Data_CT!$A$2:$A$327&Data_CT!$F$2:$F$327,0)),"")} -> 0 | N76: {=IFERROR(INDEX(Data_CT!Q$2:Q$327,MATCH($R$2&$R$1&$B76,Data_CT!$B$2:$B$327&Data_CT!$A$2:$A$327&Data_CT!$F$2:$F$327,0)),"")} -> 0 | P76: {=IFERROR(INDEX(Data_CT!R$2:R$327,MATCH($R$2&$R$1&$B76,Data_CT!$B$2:$B$327&Data_CT!$A$2:$A$327&Data_CT!$F$2:$F$327,0)),"")} -> 0
B77: Tổng cộng | C77: =SUM(C12:C76) -> 83314782117 | D77: =SUM(D12:D76) -> 65293960128 | E77: =SUM(E12:E76) -> 56501774000 | F77: =SUM(F12:F76) -> 0 | G77: =SUM(G12:G76) -> 4004021393 | H77: =SUM(H12:H76) -> 3445727000 | I77: =SUM(I12:I76) -> 400000000 | J77: =SUM(J12:J76) -> 3.3889265e+09 | K77: =SUM(K12:K76) -> 3183981702

Sheet BC_SanLuong
A1: CÔNG TY CỔ PHẦN XÂY DỰNG NGÔ QUYỀN | H1: CỘNG HÒA XÃ HỘI CHỦ NGHĨA VIỆT NAM | Q1: Chọn tháng → | R1: 12
A2: BAN CHỈ HUY CÔNG TRƯỜNG | H2: Độc lập - Tự do - Hạnh phúc | Q2: Chọn năm → | R2: 2025
A3: ="BÁO CÁO SẢN LƯỢNG THÁNG "&R1 -> BÁO CÁO SẢN LƯỢNG THÁNG 12
A4: DỰ ÁN : KHU NHÀ Ở TẠI PHƯỜNG TRẠI CHUỐI
A5: ="THÁNG "&R1&" NĂM "&R2 -> THÁNG 12 NĂM 2025
A6: Đơn vị: đồng
A7: STT | B7: Danh mục | C7: Giá trị dự toán phần thô 2024 hoặc Quyết toán: | D7: Sản lượng kế hoạch | E7: Sản lượng thực hiện (xây thô) | G7: Sản lượng trát | H7: Tổng thô+trát | I7: Còn phải thực hiện | J7: Tỷ lệ hoàn thành (%) | L7: Ghi chú
E8: Kỳ này | F8: Lũy kế | J8: Kế hoạch kỳ này | K8: Tổng lũy kế
B9: 1 | C9: 2 | D9: 3 | E9: 4 | F9: 5 | G9: 6 | H9: 7=5+6 | I9: 8=2-5 | J9: 9 | K9: 10
A10: I | B10: Trại chuối GĐ 1
A11: A
A12: 1 | B12: Lô 5A | C12: {=IFERROR(INDEX(Data_SL!G$2:G$368,MATCH($R$2&$R$1&$B12,Data_SL!$B$2:$B$368&Data_SL!$A$2:$A$368&Data_SL!$F$2:$F$368,0)),"")} -> 1140788000 | D12: {=IFERROR(INDEX(Data_SL!H$2:H$368,MATCH($R$2&$R$1&$B12,Data_SL!$B$2:$B$368&Data_SL!$A$2:$A$368&Data_SL!$F$2:$F$368,0)),"")} -> 0 | E12: {=IFERROR(INDEX(Data_SL!I$2:I$368,MATCH($R$2&$R$1&$B12,Data_SL!$B$2:$B$368&Data_SL!$A$2:$A$368&Data_SL!$F$2:$F$368,0)),"")} -> 173974500 | F12: {=IFERROR(INDEX(Data_SL!J$2:J$368,MATCH($R$2&$R$1&$B12,Data_SL!$B$2:$B$368&Data_SL!$A$2:$A$368&Data_SL!$F$2:$F$368,0)),"")} -> 1027692225 | G12: {=IFERROR(INDEX(Data_SL!K$2:K$368,MATCH($R$2&$R$1&$B12,Data_SL!$B$2:$B$368&Data_SL!$A$2:$A$368&Data_SL!$F$2:$F$368,0)),"")} -> 0 | H12: {=IFERROR(INDEX(Data_SL!L$2:L$368,MATCH($R$2&$R$1&$B12,Data_SL!$B$2:$B$368&Data_SL!$A$2:$A$368&Data_SL!$F$2:$F$368,0)),"")} -> 1027692225 | I12: {=IFERROR(INDEX(Data_SL!M$2:M$368,MATCH($R$2&$R$1&$B12,Data_SL!$B$2:$B$368&Data_SL!$A$2:$A$368&Data_SL!$F$2:$F$368,0)),"")} -> 113095775 | J12: {=IFERROR(INDEX(Data_SL!N$2:N$368,MATCH($R$2&$R$1&$B12,Data_SL!$B$2:$B$368&Data_SL!$A$2:$A$368&Data_SL!$F$2:$F$368,0)),"")} -> 0 | ... L12: {=IFERROR(INDEX(Data_SL!P$2:P$368,MATCH($R$2&$R$1&$B12,Data_SL!$B$2:$B$368&Data_SL!$A$2:$A$368&Data_SL!$F$2:$F$368,0)),"")} -> 0
A13: 2 | B13: Lô 9A | C13: {=IFERROR(INDEX(Data_SL!G$2:G$368,MATCH($R$2&$R$1&$B13,Data_SL!$B$2:$B$368&Data_SL!$A$2:$A$368&Data_SL!$F$2:$F$368,0)),"")} -> 1118543000 | D13: {=IFERROR(INDEX(Data_SL!H$2:H$368,MATCH($R$2&$R$1&$B13,Data_SL!$B$2:$B$368&Data_SL!$A$2:$A$368&Data_SL!$F$2:$F$368,0)),"")} -> 0 | E13: {=IFERROR(INDEX(Data_SL!I$2:I$368,MATCH($R$2&$R$1&$B13,Data_SL!$B$2:$B$368&Data_SL!$A$2:$A$368&Data_SL!$F$2:$F$368,0)),"")} -> 0 | F13: {=IFERROR(INDEX(Data_SL!J$2:J$368,MATCH($R$2&$R$1&$B13,Data_SL!$B$2:$B$368&Data_SL!$A$2:$A$368&Data_SL!$F$2:$F$368,0)),"")} -> 1118543000 | G13: {=IFERROR(INDEX(Data_SL!K$2:K$368,MATCH($R$2&$R$1&$B13,Data_SL!$B$2:$B$368&Data_SL!$A$2:$A$368&Data_SL!$F$2:$F$368,0)),"")} -> 1.3825648e+08 | H13: {=IFERROR(INDEX(Data_SL!L$2:L$368,MATCH($R$2&$R$1&$B13,Data_SL!$B$2:$B$368&Data_SL!$A$2:$A$368&Data_SL!$F$2:$F$368,0)),"")} -> 1.2567995e+09 | I13: {=IFERROR(INDEX(Data_SL!M$2:M$368,MATCH($R$2&$R$1&$B13,Data_SL!$B$2:$B$368&Data_SL!$A$2:$A$368&Data_SL!$F$2:$F$368,0)),"")} -> 0 | J13: {=IFERROR(INDEX(Data_SL!N$2:N$368,MATCH($R$2&$R$1&$B13,Data_SL!$B$2:$B$368&Data_SL!$A$2:$A$368&Data_SL!$F$2:$F$368,0)),"")} -> 0 | ... L13: {=IFERROR(INDEX(Data_SL!P$2:P$368,MATCH($R$2&$R$1&$B13,Data_SL!$B$2:$B$368&Data_SL!$A$2:$A$368&Data_SL!$F$2:$F$368,0)),"")} -> Đã quyết toán | M13: =C13 -> 1118543000
A14: 3 | B14: Lô 12A | C14: {=IFERROR(INDEX(Data_SL!G$2:G$368,MATCH($R$2&$R$1&$B14,Data_SL!$B$2:$B$368&Data_SL!$A$2:$A$368&Data_SL!$F$2:$F$368,0)),"")} -> 1161338000 | D14: {=IFERROR(INDEX(Data_SL!H$2:H$368,MATCH($R$2&$R$1&$B14,Data_SL!$B$2:$B$368&Data_SL!$A$2:$A$368&Data_SL!$F$2:$F$368,0)),"")} -> 0 | E14: {=IFERROR(INDEX(Data_SL!I$2:I$368,MATCH($R$2&$R$1&$B14,Data_SL!$B$2:$B$368&Data_SL!$A$2:$A$368&Data_SL!$F$2:$F$368,0)),"")} -> 0 | F14: {=IFERROR(INDEX(Data_SL!J$2:J$368,MATCH($R$2&$R$1&$B14,Data_SL!$B$2:$B$368&Data_SL!$A$2:$A$368&Data_SL!$F$2:$F$368,0)),"")} -> 1161338000 | G14: {=IFERROR(INDEX(Data_SL!K$2:K$368,MATCH($R$2&$R$1&$B14,Data_SL!$B$2:$B$368&Data_SL!$A$2:$A$368&Data_SL!$F$2:$F$368,0)),"")} -> 28072222 | H14: {=IFERROR(INDEX(Data_SL!L$2:L$368,MATCH($R$2&$R$1&$B14,Data_SL!$B$2:$B$368&Data_SL!$A$2:$A$368&Data_SL!$F$2:$F$368,0)),"")} -> 1.1894102e+09 | I14: {=IFERROR(INDEX(Data_SL!M$2:M$368,MATCH($R$2&$R$1&$B14,Data_SL!$B$2:$B$368&Data_SL!$A$2:$A$368&Data_SL!$F$2:$F$368,0)),"")} -> 0 | J14: {=IFERROR(INDEX(Data_SL!N$2:N$368,MATCH($R$2&$R$1&$B14,Data_SL!$B$2:$B$368&Data_SL!$A$2:$A$368&Data_SL!$F$2:$F$368,0)),"")} -> 0 | ... L14: {=IFERROR(INDEX(Data_SL!P$2:P$368,MATCH($R$2&$R$1&$B14,Data_SL!$B$2:$B$368&Data_SL!$A$2:$A$368&Data_SL!$F$2:$F$368,0)),"")} -> Đã quyết toán | M14: =C14 -> 1161338000
A15: 4 | B15: Lô 13A | C15: {=IFERROR(INDEX(Data_SL!G$2:G$368,MATCH($R$2&$R$1&$B15,Data_SL!$B$2:$B$368&Data_SL!$A$2:$A$368&Data_SL!$F$2:$F$368,0)),"")} -> 1129099000 | D15: {=IFERROR(INDEX(Data_SL!H$2:H$368,MATCH($R$2&$R$1&$B15,Data_SL!$B$2:$B$368&Data_SL!$A$2:$A$368&Data_SL!$F$2:$F$368,0)),"")} -> 0 | E15: {=IFERROR(INDEX(Data_SL!I$2:I$368,MATCH($R$2&$R$1&$B15,Data_SL!$B$2:$B$368&Data_SL!$A$2:$A$368&Data_SL!$F$2:$F$368,0)),"")} -> 186300000 | F15: {=IFERROR(INDEX(Data_SL!J$2:J$368,MATCH($R$2&$R$1&$B15,Data_SL!$B$2:$B$368&Data_SL!$A$2:$A$368&Data_SL!$F$2:$F$368,0)),"")} -> 675697680 | G15: {=IFERROR(INDEX(Data_SL!K$2:K$368,MATCH($R$2&$R$1&$B15,Data_SL!$B$2:$B$368&Data_SL!$A$2:$A$368&Data_SL!$F$2:$F$368,0)),"")} -> 0 | H15: {=IFERROR(INDEX(Data_SL!L$2:L$368,MATCH($R$2&$R$1&$B15,Data_SL!$B$2:$B$368&Data_SL!$A$2:$A$368&Data_SL!$F$2:$F$368,0)),"")} -> 675697680 | I15: {=IFERROR(INDEX(Data_SL!M$2:M$368,MATCH($R$2&$R$1&$B15,Data_SL!$B$2:$B$368&Data_SL!$A$2:$A$368&Data_SL!$F$2:$F$368,0)),"")} -> 453401320 | J15: {=IFERROR(INDEX(Data_SL!N$2:N$368,MATCH($R$2&$R$1&$B15,Data_SL!$B$2:$B$368&Data_SL!$A$2:$A$368&Data_SL!$F$2:$F$368,0)),"")} -> 0 | ... L15: {=IFERROR(INDEX(Data_SL!P$2:P$368,MATCH($R$2&$R$1&$B15,Data_SL!$B$2:$B$368&Data_SL!$A$2:$A$368&Data_SL!$F$2:$F$368,0)),"")} -> 0
A16: 5 | B16: Lô 14A | C16: {=IFERROR(INDEX(Data_SL!G$2:G$368,MATCH($R$2&$R$1&$B16,Data_SL!$B$2:$B$368&Data_SL!$A$2:$A$368&Data_SL!$F$2:$F$368,0)),"")} -> 1129099000 | D16: {=IFERROR(INDEX(Data_SL!H$2:H$368,MATCH($R$2&$R$1&$B16,Data_SL!$B$2:$B$368&Data_SL!$A$2:$A$368&Data_SL!$F$2:$F$368,0)),"")} -> 0 | E16: {=IFERROR(INDEX(Data_SL!I$2:I$368,MATCH($R$2&$R$1&$B16,Data_SL!$B$2:$B$368&Data_SL!$A$2:$A$368&Data_SL!$F$2:$F$368,0)),"")} -> 0 | F16: {=IFERROR(INDEX(Data_SL!J$2:J$368,MATCH($R$2&$R$1&$B16,Data_SL!$B$2:$B$368&Data_SL!$A$2:$A$368&Data_SL!$F$2:$F$368,0)),"")} -> 649826280 | G16: {=IFERROR(INDEX(Data_SL!K$2:K$368,MATCH($R$2&$R$1&$B16,Data_SL!$B$2:$B$368&Data_SL!$A$2:$A$368&Data_SL!$F$2:$F$368,0)),"")} -> 0 | H16: {=IFERROR(INDEX(Data_SL!L$2:L$368,MATCH($R$2&$R$1&$B16,Data_SL!$B$2:$B$368&Data_SL!$A$2:$A$368&Data_SL!$F$2:$F$368,0)),"")} -> 649826280 | I16: {=IFERROR(INDEX(Data_SL!M$2:M$368,MATCH($R$2&$R$1&$B16,Data_SL!$B$2:$B$368&Data_SL!$A$2:$A$368&Data_SL!$F$2:$F$368,0)),"")} -> 479272720 | J16: {=IFERROR(INDEX(Data_SL!N$2:N$368,MATCH($R$2&$R$1&$B16,Data_SL!$B$2:$B$368&Data_SL!$A$2:$A$368&Data_SL!$F$2:$F$368,0)),"")} -> 0 | ... L16: {=IFERROR(INDEX(Data_SL!P$2:P$368,MATCH($R$2&$R$1&$B16,Data_SL!$B$2:$B$368&Data_SL!$A$2:$A$368&Data_SL!$F$2:$F$368,0)),"")} -> Tạm dừng thi công | M16: =ROUND(13.806*4,3) -> 55.224 | N16: 4500000 | O16: =ROUND(M16*N16,3) -> 248508000 | P16: =O16*0.55 -> 136679400 | Q16: =O16*0.45 -> 111828600
A17: B | I17: =G17+H17 -> 0 | M17: 0
A18: 1 | B18: Lô 1B | C18: {=IFERROR(INDEX(Data_SL!G$2:G$368,MATCH($R$2&$R$1&$B18,Data_SL!$B$2:$B$368&Data_SL!$A$2:$A$368&Data_SL!$F$2:$F$368,0)),"")} -> 1295727000 | D18: {=IFERROR(INDEX(Data_SL!H$2:H$368,MATCH($R$2&$R$1&$B18,Data_SL!$B$2:$B$368&Data_SL!$A$2:$A$368&Data_SL!$F$2:$F$368,0)),"")} -> 0 | E18: {=IFERROR(INDEX(Data_SL!I$2:I$368,MATCH($R$2&$R$1&$B18,Data_SL!$B$2:$B$368&Data_SL!$A$2:$A$368&Data_SL!$F$2:$F$368,0)),"")} -> 0 | F18: {=IFERROR(INDEX(Data_SL!J$2:J$368,MATCH($R$2&$R$1&$B18,Data_SL!$B$2:$B$368&Data_SL!$A$2:$A$368&Data_SL!$F$2:$F$368,0)),"")} -> 1295727000 | G18: {=IFERROR(INDEX(Data_SL!K$2:K$368,MATCH($R$2&$R$1&$B18,Data_SL!$B$2:$B$368&Data_SL!$A$2:$A$368&Data_SL!$F$2:$F$368,0)),"")} -> 205662963 | H18: {=IFERROR(INDEX(Data_SL!L$2:L$368,MATCH($R$2&$R$1&$B18,Data_SL!$B$2:$B$368&Data_SL!$A$2:$A$368&Data_SL!$F$2:$F$368,0)),"")} -> 1501389963 | I18: {=IFERROR(INDEX(Data_SL!M$2:M$368,MATCH($R$2&$R$1&$B18,Data_SL!$B$2:$B$368&Data_SL!$A$2:$A$368&Data_SL!$F$2:$F$368,0)),"")} -> 0 | J18: {=IFERROR(INDEX(Data_SL!N$2:N$368,MATCH($R$2&$R$1&$B18,Data_SL!$B$2:$B$368&Data_SL!$A$2:$A$368&Data_SL!$F$2:$F$368,0)),"")} -> 0 | ... L18: {=IFERROR(INDEX(Data_SL!P$2:P$368,MATCH($R$2&$R$1&$B18,Data_SL!$B$2:$B$368&Data_SL!$A$2:$A$368&Data_SL!$F$2:$F$368,0)),"")} -> Đã quyết toán | M18: 1209628000
A19: =A18+1 -> 2 | B19: Lô 3B | C19: {=IFERROR(INDEX(Data_SL!G$2:G$368,MATCH($R$2&$R$1&$B19,Data_SL!$B$2:$B$368&Data_SL!$A$2:$A$368&Data_SL!$F$2:$F$368,0)),"")} -> 1629894000 | D19: {=IFERROR(INDEX(Data_SL!H$2:H$368,MATCH($R$2&$R$1&$B19,Data_SL!$B$2:$B$368&Data_SL!$A$2:$A$368&Data_SL!$F$2:$F$368,0)),"")} -> 0 | E19: {=IFERROR(INDEX(Data_SL!I$2:I$368,MATCH($R$2&$R$1&$B19,Data_SL!$B$2:$B$368&Data_SL!$A$2:$A$368&Data_SL!$F$2:$F$368,0)),"")} -> 0 | F19: {=IFERROR(INDEX(Data_SL!J$2:J$368,MATCH($R$2&$R$1&$B19,Data_SL!$B$2:$B$368&Data_SL!$A$2:$A$368&Data_SL!$F$2:$F$368,0)),"")} -> 1629894000 | G19: {=IFERROR(INDEX(Data_SL!K$2:K$368,MATCH($R$2&$R$1&$B19,Data_SL!$B$2:$B$368&Data_SL!$A$2:$A$368&Data_SL!$F$2:$F$368,0)),"")} -> 1.3494444e+08 | H19: {=IFERROR(INDEX(Data_SL!L$2:L$368,MATCH($R$2&$R$1&$B19,Data_SL!$B$2:$B$368&Data_SL!$A$2:$A$368&Data_SL!$F$2:$F$368,0)),"")} -> 1.7648384e+09 | I19: {=IFERROR(INDEX(Data_SL!M$2:M$368,MATCH($R$2&$R$1&$B19,Data_SL!$B$2:$B$368&Data_SL!$A$2:$A$368&Data_SL!$F$2:$F$368,0)),"")} -> 0 | J19: {=IFERROR(INDEX(Data_SL!N$2:N$368,MATCH($R$2&$R$1&$B19,Data_SL!$B$2:$B$368&Data_SL!$A$2:$A$368&Data_SL!$F$2:$F$368,0)),"")} -> 0 | ... L19: {=IFERROR(INDEX(Data_SL!P$2:P$368,MATCH($R$2&$R$1&$B19,Data_SL!$B$2:$B$368&Data_SL!$A$2:$A$368&Data_SL!$F$2:$F$368,0)),"")} -> Đã quyết toán | M19: =C19 -> 1629894000
A20: =A19+1 -> 3 | B20: Lô 4B | C20: {=IFERROR(INDEX(Data_SL!G$2:G$368,MATCH($R$2&$R$1&$B20,Data_SL!$B$2:$B$368&Data_SL!$A$2:$A$368&Data_SL!$F$2:$F$368,0)),"")} -> 1323642000 | D20: {=IFERROR(INDEX(Data_SL!H$2:H$368,MATCH($R$2&$R$1&$B20,Data_SL!$B$2:$B$368&Data_SL!$A$2:$A$368&Data_SL!$F$2:$F$368,0)),"")} -> 0 | E20: {=IFERROR(INDEX(Data_SL!I$2:I$368,MATCH($R$2&$R$1&$B20,Data_SL!$B$2:$B$368&Data_SL!$A$2:$A$368&Data_SL!$F$2:$F$368,0)),"")} -> 0 | F20: {=IFERROR(INDEX(Data_SL!J$2:J$368,MATCH($R$2&$R$1&$B20,Data_SL!$B$2:$B$368&Data_SL!$A$2:$A$368&Data_SL!$F$2:$F$368,0)),"")} -> 1323642000 | G20: {=IFERROR(INDEX(Data_SL!K$2:K$368,MATCH($R$2&$R$1&$B20,Data_SL!$B$2:$B$368&Data_SL!$A$2:$A$368&Data_SL!$F$2:$F$368,0)),"")} -> 0 | H20: {=IFERROR(INDEX(Data_SL!L$2:L$368,MATCH($R$2&$R$1&$B20,Data_SL!$B$2:$B$368&Data_SL!$A$2:$A$368&Data_SL!$F$2:$F$368,0)),"")} -> 1323642000 | I20: {=IFERROR(INDEX(Data_SL!M$2:M$368,MATCH($R$2&$R$1&$B20,Data_SL!$B$2:$B$368&Data_SL!$A$2:$A$368&Data_SL!$F$2:$F$368,0)),"")} -> 0 | J20: {=IFERROR(INDEX(Data_SL!N$2:N$368,MATCH($R$2&$R$1&$B20,Data_SL!$B$2:$B$368&Data_SL!$A$2:$A$368&Data_SL!$F$2:$F$368,0)),"")} -> 0 | ... L20: {=IFERROR(INDEX(Data_SL!P$2:P$368,MATCH($R$2&$R$1&$B20,Data_SL!$B$2:$B$368&Data_SL!$A$2:$A$368&Data_SL!$F$2:$F$368,0)),"")} -> 0 | M20: 0
A21: =A20+1 -> 4 | B21: Lô 6B | C21: {=IFERROR(INDEX(Data_SL!G$2:G$368,MATCH($R$2&$R$1&$B21,Data_SL!$B$2:$B$368&Data_SL!$A$2:$A$368&Data_SL!$F$2:$F$368,0)),"")} -> 1352546000 | D21: {=IFERROR(INDEX(Data_SL!H$2:H$368,MATCH($R$2&$R$1&$B21,Data_SL!$B$2:$B$368&Data_SL!$A$2:$A$368&Data_SL!$F$2:$F$368,0)),"")} -> 0 | E21: {=IFERROR(INDEX(Data_SL!I$2:I$368,MATCH($R$2&$R$1&$B21,Data_SL!$B$2:$B$368&Data_SL!$A$2:$A$368&Data_SL!$F$2:$F$368,0)),"")} -> 0 | F21: {=IFERROR(INDEX(Data_SL!J$2:J$368,MATCH($R$2&$R$1&$B21,Data_SL!$B$2:$B$368&Data_SL!$A$2:$A$368&Data_SL!$F$2:$F$368,0)),"")} -> 1352546000 | G21: {=IFERROR(INDEX(Data_SL!K$2:K$368,MATCH($R$2&$R$1&$B21,Data_SL!$B$2:$B$368&Data_SL!$A$2:$A$368&Data_SL!$F$2:$F$368,0)),"")} -> 86854259 | H21: {=IFERROR(INDEX(Data_SL!L$2:L$368,MATCH($R$2&$R$1&$B21,Data_SL!$B$2:$B$368&Data_SL!$A$2:$A$368&Data_SL!$F$2:$F$368,0)),"")} -> 1439400259 | I21: {=IFERROR(INDEX(Data_SL!M$2:M$368,MATCH($R$2&$R$1&$B21,Data_SL!$B$2:$B$368&Data_SL!$A$2:$A$368&Data_SL!$F$2:$F$368,0)),"")} -> 0 | J21: {=IFERROR(INDEX(Data_SL!N$2:N$368,MATCH($R$2&$R$1&$B21,Data_SL!$B$2:$B$368&Data_SL!$A$2:$A$368&Data_SL!$F$2:$F$368,0)),"")} -> 0 | ... L21: {=IFERROR(INDEX(Data_SL!P$2:P$368,MATCH($R$2&$R$1&$B21,Data_SL!$B$2:$B$368&Data_SL!$A$2:$A$368&Data_SL!$F$2:$F$368,0)),"")} -> 0
A22: =A21+1 -> 5 | B22: Lô 7B | C22: {=IFERROR(INDEX(Data_SL!G$2:G$368,MATCH($R$2&$R$1&$B22,Data_SL!$B$2:$B$368&Data_SL!$A$2:$A$368&Data_SL!$F$2:$F$368,0)),"")} -> 1221751000 | D22: {=IFERROR(INDEX(Data_SL!H$2:H$368,MATCH($R$2&$R$1&$B22,Data_SL!$B$2:$B$368&Data_SL!$A$2:$A$368&Data_SL!$F$2:$F$368,0)),"")} -> 0 | E22: {=IFERROR(INDEX(Data_SL!I$2:I$368,MATCH($R$2&$R$1&$B22,Data_SL!$B$2:$B$368&Data_SL!$A$2:$A$368&Data_SL!$F$2:$F$368,0)),"")} -> 0 | F22: {=IFERROR(INDEX(Data_SL!J$2:J$368,MATCH($R$2&$R$1&$B22,Data_SL!$B$2:$B$368&Data_SL!$A$2:$A$368&Data_SL!$F$2:$F$368,0)),"")} -> 1221751000 | G22: {=IFERROR(INDEX(Data_SL!K$2:K$368,MATCH($R$2&$R$1&$B22,Data_SL!$B$2:$B$368&Data_SL!$A$2:$A$368&Data_SL!$F$2:$F$368,0)),"")} -> 56776852 | H22: {=IFERROR(INDEX(Data_SL!L$2:L$368,MATCH($R$2&$R$1&$B22,Data_SL!$B$2:$B$368&Data_SL!$A$2:$A$368&Data_SL!$F$2:$F$368,0)),"")} -> 1278527852 | I22: {=IFERROR(INDEX(Data_SL!M$2:M$368,MATCH($R$2&$R$1&$B22,Data_SL!$B$2:$B$368&Data_SL!$A$2:$A$368&Data_SL!$F$2:$F$368,0)),"")} -> 0 | J22: {=IFERROR(INDEX(Data_SL!N$2:N$368,MATCH($R$2&$R$1&$B22,Data_SL!$B$2:$B$368&Data_SL!$A$2:$A$368&Data_SL!$F$2:$F$368,0)),"")} -> 0 | ... L22: {=IFERROR(INDEX(Data_SL!P$2:P$368,MATCH($R$2&$R$1&$B22,Data_SL!$B$2:$B$368&Data_SL!$A$2:$A$368&Data_SL!$F$2:$F$368,0)),"")} -> Xong quyết toán chưa ký | M22: 454374313
A23: =A22+1 -> 6 | B23: Lô 8B | C23: {=IFERROR(INDEX(Data_SL!G$2:G$368,MATCH($R$2&$R$1&$B23,Data_SL!$B$2:$B$368&Data_SL!$A$2:$A$368&Data_SL!$F$2:$F$368,0)),"")} -> 1195530000 | D23: {=IFERROR(INDEX(Data_SL!H$2:H$368,MATCH($R$2&$R$1&$B23,Data_SL!$B$2:$B$368&Data_SL!$A$2:$A$368&Data_SL!$F$2:$F$368,0)),"")} -> 0 | E23: {=IFERROR(INDEX(Data_SL!I$2:I$368,MATCH($R$2&$R$1&$B23,Data_SL!$B$2:$B$368&Data_SL!$A$2:$A$368&Data_SL!$F$2:$F$368,0)),"")} -> 0 | F23: {=IFERROR(INDEX(Data_SL!J$2:J$368,MATCH($R$2&$R$1&$B23,Data_SL!$B$2:$B$368&Data_SL!$A$2:$A$368&Data_SL!$F$2:$F$368,0)),"")} -> 1195530000 | G23: {=IFERROR(INDEX(Data_SL!K$2:K$368,MATCH($R$2&$R$1&$B23,Data_SL!$B$2:$B$368&Data_SL!$A$2:$A$368&Data_SL!$F$2:$F$368,0)),"")} -> 1.4184815e+08 | H23: {=IFERROR(INDEX(Data_SL!L$2:L$368,MATCH($R$2&$R$1&$B23,Data_SL!$B$2:$B$368&Data_SL!$A$2:$A$368&Data_SL!$F$2:$F$368,0)),"")} -> 1.3373781e+09 | I23: {=IFERROR(INDEX(Data_SL!M$2:M$368,MATCH($R$2&$R$1&$B23,Data_SL!$B$2:$B$368&Data_SL!$A$2:$A$368&Data_SL!$F$2:$F$368,0)),"")} -> 0 | J23: {=IFERROR(INDEX(Data_SL!N$2:N$368,MATCH($R$2&$R$1&$B23,Data_SL!$B$2:$B$368&Data_SL!$A$2:$A$368&Data_SL!$F$2:$F$368,0)),"")} -> 0 | ... L23: {=IFERROR(INDEX(Data_SL!P$2:P$368,MATCH($R$2&$R$1&$B23,Data_SL!$B$2:$B$368&Data_SL!$A$2:$A$368&Data_SL!$F$2:$F$368,0)),"")} -> Đã quyết toán | M23: =C23 -> 1195530000
A24: =A23+1 -> 7 | B24: Lô 9B | C24: {=IFERROR(INDEX(Data_SL!G$2:G$368,MATCH($R$2&$R$1&$B24,Data_SL!$B$2:$B$368&Data_SL!$A$2:$A$368&Data_SL!$F$2:$F$368,0)),"")} -> 1487132000 | D24: {=IFERROR(INDEX(Data_SL!H$2:H$368,MATCH($R$2&$R$1&$B24,Data_SL!$B$2:$B$368&Data_SL!$A$2:$A$368&Data_SL!$F$2:$F$368,0)),"")} -> 0 | E24: {=IFERROR(INDEX(Data_SL!I$2:I$368,MATCH($R$2&$R$1&$B24,Data_SL!$B$2:$B$368&Data_SL!$A$2:$A$368&Data_SL!$F$2:$F$368,0)),"")} -> 0 | F24: {=IFERROR(INDEX(Data_SL!J$2:J$368,MATCH($R$2&$R$1&$B24,Data_SL!$B$2:$B$368&Data_SL!$A$2:$A$368&Data_SL!$F$2:$F$368,0)),"")} -> 1487132000 | G24: {=IFERROR(INDEX(Data_SL!K$2:K$368,MATCH($R$2&$R$1&$B24,Data_SL!$B$2:$B$368&Data_SL!$A$2:$A$368&Data_SL!$F$2:$F$368,0)),"")} -> 99454630 | H24: {=IFERROR(INDEX(Data_SL!L$2:L$368,MATCH($R$2&$R$1&$B24,Data_SL!$B$2:$B$368&Data_SL!$A$2:$A$368&Data_SL!$F$2:$F$368,0)),"")} -> 1586586630 | I24: {=IFERROR(INDEX(Data_SL!M$2:M$368,MATCH($R$2&$R$1&$B24,Data_SL!$B$2:$B$368&Data_SL!$A$2:$A$368&Data_SL!$F$2:$F$368,0)),"")} -> 0 | J24: {=IFERROR(INDEX(Data_SL!N$2:N$368,MATCH($R$2&$R$1&$B24,Data_SL!$B$2:$B$368&Data_SL!$A$2:$A$368&Data_SL!$F$2:$F$368,0)),"")} -> 0 | ... L24: {=IFERROR(INDEX(Data_SL!P$2:P$368,MATCH($R$2&$R$1&$B24,Data_SL!$B$2:$B$368&Data_SL!$A$2:$A$368&Data_SL!$F$2:$F$368,0)),"")} -> Xong quyết toán chưa ký | M24: 484855876
A25: =A24+1 -> 8 | B25: Lô 12B | C25: {=IFERROR(INDEX(Data_SL!G$2:G$368,MATCH($R$2&$R$1&$B25,Data_SL!$B$2:$B$368&Data_SL!$A$2:$A$368&Data_SL!$F$2:$F$368,0)),"")} -> 1590793000 | D25: {=IFERROR(INDEX(Data_SL!H$2:H$368,MATCH($R$2&$R$1&$B25,Data_SL!$B$2:$B$368&Data_SL!$A$2:$A$368&Data_SL!$F$2:$F$368,0)),"")} -> 0 | E25: {=IFERROR(INDEX(Data_SL!I$2:I$368,MATCH($R$2&$R$1&$B25,Data_SL!$B$2:$B$368&Data_SL!$A$2:$A$368&Data_SL!$F$2:$F$368,0)),"")} -> 0 | F25: {=IFERROR(INDEX(Data_SL!J$2:J$368,MATCH($R$2&$R$1&$B25,Data_SL!$B$2:$B$368&Data_SL!$A$2:$A$368&Data_SL!$F$2:$F$368,0)),"")} -> 520020000 | G25: {=IFERROR(INDEX(Data_SL!K$2:K$368,MATCH($R$2&$R$1&$B25,Data_SL!$B$2:$B$368&Data_SL!$A$2:$A$368&Data_SL!$F$2:$F$368,0)),"")} -> 0 | H25: {=IFERROR(INDEX(Data_SL!L$2:L$368,MATCH($R$2&$R$1&$B25,Data_SL!$B$2:$B$368&Data_SL!$A$2:$A$368&Data_SL!$F$2:$F$368,0)),"")} -> 520020000 | I25: {=IFERROR(INDEX(Data_SL!M$2:M$368,MATCH($R$2&$R$1&$B25,Data_SL!$B$2:$B$368&Data_SL!$A$2:$A$368&Data_SL!$F$2:$F$368,0)),"")} -> 1070773000 | J25: {=IFERROR(INDEX(Data_SL!N$2:N$368,MATCH($R$2&$R$1&$B25,Data_SL!$B$2:$B$368&Data_SL!$A$2:$A$368&Data_SL!$F$2:$F$368,0)),"")} -> 0 | ... L25: {=IFERROR(INDEX(Data_SL!P$2:P$368,MATCH($R$2&$R$1&$B25,Data_SL!$B$2:$B$368&Data_SL!$A$2:$A$368&Data_SL!$F$2:$F$368,0)),"")} -> Tạm dừng thi công | M25: 0
A26: =A25+1 -> 9 | B26: Lô 13B-A | C26: {=IFERROR(INDEX(Data_SL!G$2:G$368,MATCH($R$2&$R$1&$B26,Data_SL!$B$2:$B$368&Data_SL!$A$2:$A$368&Data_SL!$F$2:$F$368,0)),"")} -> 1386198000 | D26: {=IFERROR(INDEX(Data_SL!H$2:H$368,MATCH($R$2&$R$1&$B26,Data_SL!$B$2:$B$368&Data_SL!$A$2:$A$368&Data_SL!$F$2:$F$368,0)),"")} -> 0 | E26: {=IFERROR(INDEX(Data_SL!I$2:I$368,MATCH($R$2&$R$1&$B26,Data_SL!$B$2:$B$368&Data_SL!$A$2:$A$368&Data_SL!$F$2:$F$368,0)),"")} -> 0 | F26: {=IFERROR(INDEX(Data_SL!J$2:J$368,MATCH($R$2&$R$1&$B26,Data_SL!$B$2:$B$368&Data_SL!$A$2:$A$368&Data_SL!$F$2:$F$368,0)),"")} -> 220603680 | G26: {=IFERROR(INDEX(Data_SL!K$2:K$368,MATCH($R$2&$R$1&$B26,Data_SL!$B$2:$B$368&Data_SL!$A$2:$A$368&Data_SL!$F$2:$F$368,0)),"")} -> 0 | H26: {=IFERROR(INDEX(Data_SL!L$2:L$368,MATCH($R$2&$R$1&$B26,Data_SL!$B$2:$B$368&Data_SL!$A$2:$A$368&Data_SL!$F$2:$F$368,0)),"")} -> 220603680 | I26: {=IFERROR(INDEX(Data_SL!M$2:M$368,MATCH($R$2&$R$1&$B26,Data_SL!$B$2:$B$368&Data_SL!$A$2:$A$368&Data_SL!$F$2:$F$368,0)),"")} -> 1165594320 | J26: {=IFERROR(INDEX(Data_SL!N$2:N$368,MATCH($R$2&$R$1&$B26,Data_SL!$B$2:$B$368&Data_SL!$A$2:$A$368&Data_SL!$F$2:$F$368,0)),"")} -> 0 | ... L26: {=IFERROR(INDEX(Data_SL!P$2:P$368,MATCH($R$2&$R$1&$B26,Data_SL!$B$2:$B$368&Data_SL!$A$2:$A$368&Data_SL!$F$2:$F$368,0)),"")} -> Tạm dừng thi công
A27: =A26+1 -> 10 | B27: Lô 13B-B | C27: {=IFERROR(INDEX(Data_SL!G$2:G$368,MATCH($R$2&$R$1&$B27,Data_SL!$B$2:$B$368&Data_SL!$A$2:$A$368&Data_SL!$F$2:$F$368,0)),"")} -> 1151187000 | D27: {=IFERROR(INDEX(Data_SL!H$2:H$368,MATCH($R$2&$R$1&$B27,Data_SL!$B$2:$B$368&Data_SL!$A$2:$A$368&Data_SL!$F$2:$F$368,0)),"")} -> 0 | E27: {=IFERROR(INDEX(Data_SL!I$2:I$368,MATCH($R$2&$R$1&$B27,Data_SL!$B$2:$B$368&Data_SL!$A$2:$A$368&Data_SL!$F$2:$F$368,0)),"")} -> 0 | F27: {=IFERROR(INDEX(Data_SL!J$2:J$368,MATCH($R$2&$R$1&$B27,Data_SL!$B$2:$B$368&Data_SL!$A$2:$A$368&Data_SL!$F$2:$F$368,0)),"")} -> 1151187000 | G27: {=IFERROR(INDEX(Data_SL!K$2:K$368,MATCH($R$2&$R$1&$B27,Data_SL!$B$2:$B$368&Data_SL!$A$2:$A$368&Data_SL!$F$2:$F$368,0)),"")} -> 139475000 | H27: {=IFERROR(INDEX(Data_SL!L$2:L$368,MATCH($R$2&$R$1&$B27,Data_SL!$B$2:$B$368&Data_SL!$A$2:$A$368&Data_SL!$F$2:$F$368,0)),"")} -> 1290662000 | I27: {=IFERROR(INDEX(Data_SL!M$2:M$368,MATCH($R$2&$R$1&$B27,Data_SL!$B$2:$B$368&Data_SL!$A$2:$A$368&Data_SL!$F$2:$F$368,0)),"")} -> 0 | J27: {=IFERROR(INDEX(Data_SL!N$2:N$368,MATCH($R$2&$R$1&$B27,Data_SL!$B$2:$B$368&Data_SL!$A$2:$A$368&Data_SL!$F$2:$F$368,0)),"")} -> 0 | ... L27: {=IFERROR(INDEX(Data_SL!P$2:P$368,MATCH($R$2&$R$1&$B27,Data_SL!$B$2:$B$368&Data_SL!$A$2:$A$368&Data_SL!$F$2:$F$368,0)),"")} -> Đã quyết toán | M27: =C27 -> 1151187000
A28: =A27+1 -> 11 | B28: Lô 14B | C28: {=IFERROR(INDEX(Data_SL!G$2:G$368,MATCH($R$2&$R$1&$B28,Data_SL!$B$2:$B$368&Data_SL!$A$2:$A$368&Data_SL!$F$2:$F$368,0)),"")} -> 1599758000 | D28: {=IFERROR(INDEX(Data_SL!H$2:H$368,MATCH($R$2&$R$1&$B28,Data_SL!$B$2:$B$368&Data_SL!$A$2:$A$368&Data_SL!$F$2:$F$368,0)),"")} -> 0 | E28: {=IFERROR(INDEX(Data_SL!I$2:I$368,MATCH($R$2&$R$1&$B28,Data_SL!$B$2:$B$368&Data_SL!$A$2:$A$368&Data_SL!$F$2:$F$368,0)),"")} -> 0 | F28: {=IFERROR(INDEX(Data_SL!J$2:J$368,MATCH($R$2&$R$1&$B28,Data_SL!$B$2:$B$368&Data_SL!$A$2:$A$368&Data_SL!$F$2:$F$368,0)),"")} -> 1599758000 | G28: {=IFERROR(INDEX(Data_SL!K$2:K$368,MATCH($R$2&$R$1&$B28,Data_SL!$B$2:$B$368&Data_SL!$A$2:$A$368&Data_SL!$F$2:$F$368,0)),"")} -> 0 | H28: {=IFERROR(INDEX(Data_SL!L$2:L$368,MATCH($R$2&$R$1&$B28,Data_SL!$B$2:$B$368&Data_SL!$A$2:$A$368&Data_SL!$F$2:$F$368,0)),"")} -> 1599758000 | I28: {=IFERROR(INDEX(Data_SL!M$2:M$368,MATCH($R$2&$R$1&$B28,Data_SL!$B$2:$B$368&Data_SL!$A$2:$A$368&Data_SL!$F$2:$F$368,0)),"")} -> 0 | J28: {=IFERROR(INDEX(Data_SL!N$2:N$368,MATCH($R$2&$R$1&$B28,Data_SL!$B$2:$B$368&Data_SL!$A$2:$A$368&Data_SL!$F$2:$F$368,0)),"")} -> 0 | ... L28: {=IFERROR(INDEX(Data_SL!P$2:P$368,MATCH($R$2&$R$1&$B28,Data_SL!$B$2:$B$368&Data_SL!$A$2:$A$368&Data_SL!$F$2:$F$368,0)),"")} -> Đã quyết toán | M28: 0
A29: =A28+1 -> 12 | B29: Lô 15B | C29: {=IFERROR(INDEX(Data_SL!G$2:G$368,MATCH($R$2&$R$1&$B29,Data_SL!$B$2:$B$368&Data_SL!$A$2:$A$368&Data_SL!$F$2:$F$368,0)),"")} -> 1512938000 | D29: {=IFERROR(INDEX(Data_SL!H$2:H$368,MATCH($R$2&$R$1&$B29,Data_SL!$B$2:$B$368&Data_SL!$A$2:$A$368&Data_SL!$F$2:$F$368,0)),"")} -> 0 | E29: {=IFERROR(INDEX(Data_SL!I$2:I$368,MATCH($R$2&$R$1&$B29,Data_SL!$B$2:$B$368&Data_SL!$A$2:$A$368&Data_SL!$F$2:$F$368,0)),"")} -> 0 | F29: {=IFERROR(INDEX(Data_SL!J$2:J$368,MATCH($R$2&$R$1&$B29,Data_SL!$B$2:$B$368&Data_SL!$A$2:$A$368&Data_SL!$F$2:$F$368,0)),"")} -> 1512938000 | G29: {=IFERROR(INDEX(Data_SL!K$2:K$368,MATCH($R$2&$R$1&$B29,Data_SL!$B$2:$B$368&Data_SL!$A$2:$A$368&Data_SL!$F$2:$F$368,0)),"")} -> 1.4588333e+08 | H29: {=IFERROR(INDEX(Data_SL!L$2:L$368,MATCH($R$2&$R$1&$B29,Data_SL!$B$2:$B$368&Data_SL!$A$2:$A$368&Data_SL!$F$2:$F$368,0)),"")} -> 1.6588213e+09 | I29: {=IFERROR(INDEX(Data_SL!M$2:M$368,MATCH($R$2&$R$1&$B29,Data_SL!$B$2:$B$368&Data_SL!$A$2:$A$368&Data_SL!$F$2:$F$368,0)),"")} -> 0 | J29: {=IFERROR(INDEX(Data_SL!N$2:N$368,MATCH($R$2&$R$1&$B29,Data_SL!$B$2:$B$368&Data_SL!$A$2:$A$368&Data_SL!$F$2:$F$368,0)),"")} -> 0 | ... L29: {=IFERROR(INDEX(Data_SL!P$2:P$368,MATCH($R$2&$R$1&$B29,Data_SL!$B$2:$B$368&Data_SL!$A$2:$A$368&Data_SL!$F$2:$F$368,0)),"")} -> Đã quyết toán | M29: =C29 -> 1512938000
A30: =A29+1 -> 13 | B30: Lô 16B | C30: {=IFERROR(INDEX(Data_SL!G$2:G$368,MATCH($R$2&$R$1&$B30,Data_SL!$B$2:$B$368&Data_SL!$A$2:$A$368&Data_SL!$F$2:$F$368,0)),"")} -> 1593398000 | D30: {=IFERROR(INDEX(Data_SL!H$2:H$368,MATCH($R$2&$R$1&$B30,Data_SL!$B$2:$B$368&Data_SL!$A$2:$A$368&Data_SL!$F$2:$F$368,0)),"")} -> 0 | E30: {=IFERROR(INDEX(Data_SL!I$2:I$368,MATCH($R$2&$R$1&$B30,Data_SL!$B$2:$B$368&Data_SL!$A$2:$A$368&Data_SL!$F$2:$F$368,0)),"")} -> 0 | F30: {=IFERROR(INDEX(Data_SL!J$2:J$368,MATCH($R$2&$R$1&$B30,Data_SL!$B$2:$B$368&Data_SL!$A$2:$A$368&Data_SL!$F$2:$F$368,0)),"")} -> 1593398000 | G30: {=IFERROR(INDEX(Data_SL!K$2:K$368,MATCH($R$2&$R$1&$B30,Data_SL!$B$2:$B$368&Data_SL!$A$2:$A$368&Data_SL!$F$2:$F$368,0)),"")} -> 113004630 | H30: {=IFERROR(INDEX(Data_SL!L$2:L$368,MATCH($R$2&$R$1&$B30,Data_SL!$B$2:$B$368&Data_SL!$A$2:$A$368&Data_SL!$F$2:$F$368,0)),"")} -> 1706402630 | I30: {=IFERROR(INDEX(Data_SL!M$2:M$368,MATCH($R$2&$R$1&$B30,Data_SL!$B$2:$B$368&Data_SL!$A$2:$A$368&Data_SL!$F$2:$F$368,0)),"")} -> 0 | J30: {=IFERROR(INDEX(Data_SL!N$2:N$368,MATCH($R$2&$R$1&$B30,Data_SL!$B$2:$B$368&Data_SL!$A$2:$A$368&Data_SL!$F$2:$F$368,0)),"")} -> 0 | ... L30: {=IFERROR(INDEX(Data_SL!P$2:P$368,MATCH($R$2&$R$1&$B30,Data_SL!$B$2:$B$368&Data_SL!$A$2:$A$368&Data_SL!$F$2:$F$368,0)),"")} -> Đã quyết toán | M30: =C30 -> 1593398000
A31: =A30+1 -> 14 | B31: Lô 17B | C31: {=IFERROR(INDEX(Data_SL!G$2:G$368,MATCH($R$2&$R$1&$B31,Data_SL!$B$2:$B$368&Data_SL!$A$2:$A$368&Data_SL!$F$2:$F$368,0)),"")} -> 1168758000 | D31: {=IFERROR(INDEX(Data_SL!H$2:H$368,MATCH($R$2&$R$1&$B31,Data_SL!$B$2:$B$368&Data_SL!$A$2:$A$368&Data_SL!$F$2:$F$368,0)),"")} -> 0 | E31: {=IFERROR(INDEX(Data_SL!I$2:I$368,MATCH($R$2&$R$1&$B31,Data_SL!$B$2:$B$368&Data_SL!$A$2:$A$368&Data_SL!$F$2:$F$368,0)),"")} -> 0 | F31: {=IFERROR(INDEX(Data_SL!J$2:J$368,MATCH($R$2&$R$1&$B31,Data_SL!$B$2:$B$368&Data_SL!$A$2:$A$368&Data_SL!$F$2:$F$368,0)),"")} -> 1168758000 | G31: {=IFERROR(INDEX(Data_SL!K$2:K$368,MATCH($R$2&$R$1&$B31,Data_SL!$B$2:$B$368&Data_SL!$A$2:$A$368&Data_SL!$F$2:$F$368,0)),"")} -> 0 | H31: {=IFERROR(INDEX(Data_SL!L$2:L$368,MATCH($R$2&$R$1&$B31,Data_SL!$B$2:$B$368&Data_SL!$A$2:$A$368&Data_SL!$F$2:$F$368,0)),"")} -> 1168758000 | I31: {=IFERROR(INDEX(Data_SL!M$2:M$368,MATCH($R$2&$R$1&$B31,Data_SL!$B$2:$B$368&Data_SL!$A$2:$A$368&Data_SL!$F$2:$F$368,0)),"")} -> 0 | J31: {=IFERROR(INDEX(Data_SL!N$2:N$368,MATCH($R$2&$R$1&$B31,Data_SL!$B$2:$B$368&Data_SL!$A$2:$A$368&Data_SL!$F$2:$F$368,0)),"")} -> 0 | ... L31: {=IFERROR(INDEX(Data_SL!P$2:P$368,MATCH($R$2&$R$1&$B31,Data_SL!$B$2:$B$368&Data_SL!$A$2:$A$368&Data_SL!$F$2:$F$368,0)),"")} -> 0 | M31: =101*4500000 -> 454500000
A32: C
A33: 1 | B33: Lô 1C | C33: {=IFERROR(INDEX(Data_SL!G$2:G$368,MATCH($R$2&$R$1&$B33,Data_SL!$B$2:$B$368&Data_SL!$A$2:$A$368&Data_SL!$F$2:$F$368,0)),"")} -> 1566568000 | D33: {=IFERROR(INDEX(Data_SL!H$2:H$368,MATCH($R$2&$R$1&$B33,Data_SL!$B$2:$B$368&Data_SL!$A$2:$A$368&Data_SL!$F$2:$F$368,0)),"")} -> 0 | E33: {=IFERROR(INDEX(Data_SL!I$2:I$368,MATCH($R$2&$R$1&$B33,Data_SL!$B$2:$B$368&Data_SL!$A$2:$A$368&Data_SL!$F$2:$F$368,0)),"")} -> 0 | F33: {=IFERROR(INDEX(Data_SL!J$2:J$368,MATCH($R$2&$R$1&$B33,Data_SL!$B$2:$B$368&Data_SL!$A$2:$A$368&Data_SL!$F$2:$F$368,0)),"")} -> 1566568000 | G33: {=IFERROR(INDEX(Data_SL!K$2:K$368,MATCH($R$2&$R$1&$B33,Data_SL!$B$2:$B$368&Data_SL!$A$2:$A$368&Data_SL!$F$2:$F$368,0)),"")} -> 2.039287e+08 | H33: {=IFERROR(INDEX(Data_SL!L$2:L$368,MATCH($R$2&$R$1&$B33,Data_SL!$B$2:$B$368&Data_SL!$A$2:$A$368&Data_SL!$F$2:$F$368,0)),"")} -> 1.7704967e+09 | I33: {=IFERROR(INDEX(Data_SL!M$2:M$368,MATCH($R$2&$R$1&$B33,Data_SL!$B$2:$B$368&Data_SL!$A$2:$A$368&Data_SL!$F$2:$F$368,0)),"")} -> 0 | J33: {=IFERROR(INDEX(Data_SL!N$2:N$368,MATCH($R$2&$R$1&$B33,Data_SL!$B$2:$B$368&Data_SL!$A$2:$A$368&Data_SL!$F$2:$F$368,0)),"")} -> 0 | ... L33: {=IFERROR(INDEX(Data_SL!P$2:P$368,MATCH($R$2&$R$1&$B33,Data_SL!$B$2:$B$368&Data_SL!$A$2:$A$368&Data_SL!$F$2:$F$368,0)),"")} -> Đã quyết toán | M33: =C33 -> 1566568000
A34: 2 | B34: Lô 2C | C34: {=IFERROR(INDEX(Data_SL!G$2:G$368,MATCH($R$2&$R$1&$B34,Data_SL!$B$2:$B$368&Data_SL!$A$2:$A$368&Data_SL!$F$2:$F$368,0)),"")} -> 1264042000 | D34: {=IFERROR(INDEX(Data_SL!H$2:H$368,MATCH($R$2&$R$1&$B34,Data_SL!$B$2:$B$368&Data_SL!$A$2:$A$368&Data_SL!$F$2:$F$368,0)),"")} -> 0 | E34: {=IFERROR(INDEX(Data_SL!I$2:I$368,MATCH($R$2&$R$1&$B34,Data_SL!$B$2:$B$368&Data_SL!$A$2:$A$368&Data_SL!$F$2:$F$368,0)),"")} -> 174384000 | F34: {=IFERROR(INDEX(Data_SL!J$2:J$368,MATCH($R$2&$R$1&$B34,Data_SL!$B$2:$B$368&Data_SL!$A$2:$A$368&Data_SL!$F$2:$F$368,0)),"")} -> 884625120 | G34: {=IFERROR(INDEX(Data_SL!K$2:K$368,MATCH($R$2&$R$1&$B34,Data_SL!$B$2:$B$368&Data_SL!$A$2:$A$368&Data_SL!$F$2:$F$368,0)),"")} -> 0 | H34: {=IFERROR(INDEX(Data_SL!L$2:L$368,MATCH($R$2&$R$1&$B34,Data_SL!$B$2:$B$368&Data_SL!$A$2:$A$368&Data_SL!$F$2:$F$368,0)),"")} -> 884625120 | I34: {=IFERROR(INDEX(Data_SL!M$2:M$368,MATCH($R$2&$R$1&$B34,Data_SL!$B$2:$B$368&Data_SL!$A$2:$A$368&Data_SL!$F$2:$F$368,0)),"")} -> 379416880 | J34: {=IFERROR(INDEX(Data_SL!N$2:N$368,MATCH($R$2&$R$1&$B34,Data_SL!$B$2:$B$368&Data_SL!$A$2:$A$368&Data_SL!$F$2:$F$368,0)),"")} -> 0 | ... L34: {=IFERROR(INDEX(Data_SL!P$2:P$368,MATCH($R$2&$R$1&$B34,Data_SL!$B$2:$B$368&Data_SL!$A$2:$A$368&Data_SL!$F$2:$F$368,0)),"")} -> 0
A35: 3 | B35: Lô 3C | C35: {=IFERROR(INDEX(Data_SL!G$2:G$368,MATCH($R$2&$R$1&$B35,Data_SL!$B$2:$B$368&Data_SL!$A$2:$A$368&Data_SL!$F$2:$F$368,0)),"")} -> 1264264000 | D35: {=IFERROR(INDEX(Data_SL!H$2:H$368,MATCH($R$2&$R$1&$B35,Data_SL!$B$2:$B$368&Data_SL!$A$2:$A$368&Data_SL!$F$2:$F$368,0)),"")} -> 0 | E35: {=IFERROR(INDEX(Data_SL!I$2:I$368,MATCH($R$2&$R$1&$B35,Data_SL!$B$2:$B$368&Data_SL!$A$2:$A$368&Data_SL!$F$2:$F$368,0)),"")} -> 336312000 | F35: {=IFERROR(INDEX(Data_SL!J$2:J$368,MATCH($R$2&$R$1&$B35,Data_SL!$B$2:$B$368&Data_SL!$A$2:$A$368&Data_SL!$F$2:$F$368,0)),"")} -> 886867200 | G35: {=IFERROR(INDEX(Data_SL!K$2:K$368,MATCH($R$2&$R$1&$B35,Data_SL!$B$2:$B$368&Data_SL!$A$2:$A$368&Data_SL!$F$2:$F$368,0)),"")} -> 0 | H35: {=IFERROR(INDEX(Data_SL!L$2:L$368,MATCH($R$2&$R$1&$B35,Data_SL!$B$2:$B$368&Data_SL!$A$2:$A$368&Data_SL!$F$2:$F$368,0)),"")} -> 886867200 | I35: {=IFERROR(INDEX(Data_SL!M$2:M$368,MATCH($R$2&$R$1&$B35,Data_SL!$B$2:$B$368&Data_SL!$A$2:$A$368&Data_SL!$F$2:$F$368,0)),"")} -> 377396800 | J35: {=IFERROR(INDEX(Data_SL!N$2:N$368,MATCH($R$2&$R$1&$B35,Data_SL!$B$2:$B$368&Data_SL!$A$2:$A$368&Data_SL!$F$2:$F$368,0)),"")} -> 0 | ... L35: {=IFERROR(INDEX(Data_SL!P$2:P$368,MATCH($R$2&$R$1&$B35,Data_SL!$B$2:$B$368&Data_SL!$A$2:$A$368&Data_SL!$F$2:$F$368,0)),"")} -> 0
A36: 4 | B36: Lô 4C | C36: {=IFERROR(INDEX(Data_SL!G$2:G$368,MATCH($R$2&$R$1&$B36,Data_SL!$B$2:$B$368&Data_SL!$A$2:$A$368&Data_SL!$F$2:$F$368,0)),"")} -> 929889000 | D36: {=IFERROR(INDEX(Data_SL!H$2:H$368,MATCH($R$2&$R$1&$B36,Data_SL!$B$2:$B$368&Data_SL!$A$2:$A$368&Data_SL!$F$2:$F$368,0)),"")} -> 0 | E36: {=IFERROR(INDEX(Data_SL!I$2:I$368,MATCH($R$2&$R$1&$B36,Data_SL!$B$2:$B$368&Data_SL!$A$2:$A$368&Data_SL!$F$2:$F$368,0)),"")} -> 0 | F36: {=IFERROR(INDEX(Data_SL!J$2:J$368,MATCH($R$2&$R$1&$B36,Data_SL!$B$2:$B$368&Data_SL!$A$2:$A$368&Data_SL!$F$2:$F$368,0)),"")} -> 929889000 | G36: {=IFERROR(INDEX(Data_SL!K$2:K$368,MATCH($R$2&$R$1&$B36,Data_SL!$B$2:$B$368&Data_SL!$A$2:$A$368&Data_SL!$F$2:$F$368,0)),"")} -> 41061111 | H36: {=IFERROR(INDEX(Data_SL!L$2:L$368,MATCH($R$2&$R$1&$B36,Data_SL!$B$2:$B$368&Data_SL!$A$2:$A$368&Data_SL!$F$2:$F$368,0)),"")} -> 9.7095011e+08 | I36: {=IFERROR(INDEX(Data_SL!M$2:M$368,MATCH($R$2&$R$1&$B36,Data_SL!$B$2:$B$368&Data_SL!$A$2:$A$368&Data_SL!$F$2:$F$368,0)),"")} -> 0 | J36: {=IFERROR(INDEX(Data_SL!N$2:N$368,MATCH($R$2&$R$1&$B36,Data_SL!$B$2:$B$368&Data_SL!$A$2:$A$368&Data_SL!$F$2:$F$368,0)),"")} -> 0 | ... L36: {=IFERROR(INDEX(Data_SL!P$2:P$368,MATCH($R$2&$R$1&$B36,Data_SL!$B$2:$B$368&Data_SL!$A$2:$A$368&Data_SL!$F$2:$F$368,0)),"")} -> Đã quyết toán | M36: 970903800
A37: 5 | B37: Lô 7C | C37: {=IFERROR(INDEX(Data_SL!G$2:G$368,MATCH($R$2&$R$1&$B37,Data_SL!$B$2:$B$368&Data_SL!$A$2:$A$368&Data_SL!$F$2:$F$368,0)),"")} -> 1150397000 | D37: {=IFERROR(INDEX(Data_SL!H$2:H$368,MATCH($R$2&$R$1&$B37,Data_SL!$B$2:$B$368&Data_SL!$A$2:$A$368&Data_SL!$F$2:$F$368,0)),"")} -> 0 | E37: {=IFERROR(INDEX(Data_SL!I$2:I$368,MATCH($R$2&$R$1&$B37,Data_SL!$B$2:$B$368&Data_SL!$A$2:$A$368&Data_SL!$F$2:$F$368,0)),"")} -> 0 | F37: {=IFERROR(INDEX(Data_SL!J$2:J$368,MATCH($R$2&$R$1&$B37,Data_SL!$B$2:$B$368&Data_SL!$A$2:$A$368&Data_SL!$F$2:$F$368,0)),"")} -> 1150397000 | G37: {=IFERROR(INDEX(Data_SL!K$2:K$368,MATCH($R$2&$R$1&$B37,Data_SL!$B$2:$B$368&Data_SL!$A$2:$A$368&Data_SL!$F$2:$F$368,0)),"")} -> 157625000 | H37: {=IFERROR(INDEX(Data_SL!L$2:L$368,MATCH($R$2&$R$1&$B37,Data_SL!$B$2:$B$368&Data_SL!$A$2:$A$368&Data_SL!$F$2:$F$368,0)),"")} -> 1308022000 | I37: {=IFERROR(INDEX(Data_SL!M$2:M$368,MATCH($R$2&$R$1&$B37,Data_SL!$B$2:$B$368&Data_SL!$A$2:$A$368&Data_SL!$F$2:$F$368,0)),"")} -> 0 | J37: {=IFERROR(INDEX(Data_SL!N$2:N$368,MATCH($R$2&$R$1&$B37,Data_SL!$B$2:$B$368&Data_SL!$A$2:$A$368&Data_SL!$F$2:$F$368,0)),"")} -> 0 | ... L37: {=IFERROR(INDEX(Data_SL!P$2:P$368,MATCH($R$2&$R$1&$B37,Data_SL!$B$2:$B$368&Data_SL!$A$2:$A$368&Data_SL!$F$2:$F$368,0)),"")} -> Đã quyết toán | M37: 1150976700
A38: 6 | B38: Lô 9C | C38: {=IFERROR(INDEX(Data_SL!G$2:G$368,MATCH($R$2&$R$1&$B38,Data_SL!$B$2:$B$368&Data_SL!$A$2:$A$368&Data_SL!$F$2:$F$368,0)),"")} -> 1688339000 | D38: {=IFERROR(INDEX(Data_SL!H$2:H$368,MATCH($R$2&$R$1&$B38,Data_SL!$B$2:$B$368&Data_SL!$A$2:$A$368&Data_SL!$F$2:$F$368,0)),"")} -> 0 | E38: {=IFERROR(INDEX(Data_SL!I$2:I$368,MATCH($R$2&$R$1&$B38,Data_SL!$B$2:$B$368&Data_SL!$A$2:$A$368&Data_SL!$F$2:$F$368,0)),"")} -> 184486500 | F38: {=IFERROR(INDEX(Data_SL!J$2:J$368,MATCH($R$2&$R$1&$B38,Data_SL!$B$2:$B$368&Data_SL!$A$2:$A$368&Data_SL!$F$2:$F$368,0)),"")} -> 335430000 | G38: {=IFERROR(INDEX(Data_SL!K$2:K$368,MATCH($R$2&$R$1&$B38,Data_SL!$B$2:$B$368&Data_SL!$A$2:$A$368&Data_SL!$F$2:$F$368,0)),"")} -> 0 | H38: {=IFERROR(INDEX(Data_SL!L$2:L$368,MATCH($R$2&$R$1&$B38,Data_SL!$B$2:$B$368&Data_SL!$A$2:$A$368&Data_SL!$F$2:$F$368,0)),"")} -> 335430000 | I38: {=IFERROR(INDEX(Data_SL!M$2:M$368,MATCH($R$2&$R$1&$B38,Data_SL!$B$2:$B$368&Data_SL!$A$2:$A$368&Data_SL!$F$2:$F$368,0)),"")} -> 1352909000 | J38: {=IFERROR(INDEX(Data_SL!N$2:N$368,MATCH($R$2&$R$1&$B38,Data_SL!$B$2:$B$368&Data_SL!$A$2:$A$368&Data_SL!$F$2:$F$368,0)),"")} -> 0 | ... L38: {=IFERROR(INDEX(Data_SL!P$2:P$368,MATCH($R$2&$R$1&$B38,Data_SL!$B$2:$B$368&Data_SL!$A$2:$A$368&Data_SL!$F$2:$F$368,0)),"")} -> Chưa gặp chủ hộ để chốt phương án
A39: 7 | B39: Lô 11C | C39: {=IFERROR(INDEX(Data_SL!G$2:G$368,MATCH($R$2&$R$1&$B39,Data_SL!$B$2:$B$368&Data_SL!$A$2:$A$368&Data_SL!$F$2:$F$368,0)),"")} -> 1437536000 | D39: {=IFERROR(INDEX(Data_SL!H$2:H$368,MATCH($R$2&$R$1&$B39,Data_SL!$B$2:$B$368&Data_SL!$A$2:$A$368&Data_SL!$F$2:$F$368,0)),"")} -> 0 | E39: {=IFERROR(INDEX(Data_SL!I$2:I$368,MATCH($R$2&$R$1&$B39,Data_SL!$B$2:$B$368&Data_SL!$A$2:$A$368&Data_SL!$F$2:$F$368,0)),"")} -> 313632000 | F39: {=IFERROR(INDEX(Data_SL!J$2:J$368,MATCH($R$2&$R$1&$B39,Data_SL!$B$2:$B$368&Data_SL!$A$2:$A$368&Data_SL!$F$2:$F$368,0)),"")} -> 431244000 | G39: {=IFERROR(INDEX(Data_SL!K$2:K$368,MATCH($R$2&$R$1&$B39,Data_SL!$B$2:$B$368&Data_SL!$A$2:$A$368&Data_SL!$F$2:$F$368,0)),"")} -> 0 | H39: {=IFERROR(INDEX(Data_SL!L$2:L$368,MATCH($R$2&$R$1&$B39,Data_SL!$B$2:$B$368&Data_SL!$A$2:$A$368&Data_SL!$F$2:$F$368,0)),"")} -> 431244000 | I39: {=IFERROR(INDEX(Data_SL!M$2:M$368,MATCH($R$2&$R$1&$B39,Data_SL!$B$2:$B$368&Data_SL!$A$2:$A$368&Data_SL!$F$2:$F$368,0)),"")} -> 1006292000 | J39: {=IFERROR(INDEX(Data_SL!N$2:N$368,MATCH($R$2&$R$1&$B39,Data_SL!$B$2:$B$368&Data_SL!$A$2:$A$368&Data_SL!$F$2:$F$368,0)),"")} -> 0 | ... L39: {=IFERROR(INDEX(Data_SL!P$2:P$368,MATCH($R$2&$R$1&$B39,Data_SL!$B$2:$B$368&Data_SL!$A$2:$A$368&Data_SL!$F$2:$F$368,0)),"")} -> 0
A40: D
A41: 1 | B41: Lô 1D | C41: {=IFERROR(INDEX(Data_SL!G$2:G$368,MATCH($R$2&$R$1&$B41,Data_SL!$B$2:$B$368&Data_SL!$A$2:$A$368&Data_SL!$F$2:$F$368,0)),"")} -> 1366377000 | D41: {=IFERROR(INDEX(Data_SL!H$2:H$368,MATCH($R$2&$R$1&$B41,Data_SL!$B$2:$B$368&Data_SL!$A$2:$A$368&Data_SL!$F$2:$F$368,0)),"")} -> 0 | E41: {=IFERROR(INDEX(Data_SL!I$2:I$368,MATCH($R$2&$R$1&$B41,Data_SL!$B$2:$B$368&Data_SL!$A$2:$A$368&Data_SL!$F$2:$F$368,0)),"")} -> 133537500 | F41: {=IFERROR(INDEX(Data_SL!J$2:J$368,MATCH($R$2&$R$1&$B41,Data_SL!$B$2:$B$368&Data_SL!$A$2:$A$368&Data_SL!$F$2:$F$368,0)),"")} -> 1093137975 | G41: {=IFERROR(INDEX(Data_SL!K$2:K$368,MATCH($R$2&$R$1&$B41,Data_SL!$B$2:$B$368&Data_SL!$A$2:$A$368&Data_SL!$F$2:$F$368,0)),"")} -> 0 | H41: {=IFERROR(INDEX(Data_SL!L$2:L$368,MATCH($R$2&$R$1&$B41,Data_SL!$B$2:$B$368&Data_SL!$A$2:$A$368&Data_SL!$F$2:$F$368,0)),"")} -> 1093137975 | I41: {=IFERROR(INDEX(Data_SL!M$2:M$368,MATCH($R$2&$R$1&$B41,Data_SL!$B$2:$B$368&Data_SL!$A$2:$A$368&Data_SL!$F$2:$F$368,0)),"")} -> 273239025 | J41: {=IFERROR(INDEX(Data_SL!N$2:N$368,MATCH($R$2&$R$1&$B41,Data_SL!$B$2:$B$368&Data_SL!$A$2:$A$368&Data_SL!$F$2:$F$368,0)),"")} -> 0 | ... L41: {=IFERROR(INDEX(Data_SL!P$2:P$368,MATCH($R$2&$R$1&$B41,Data_SL!$B$2:$B$368&Data_SL!$A$2:$A$368&Data_SL!$F$2:$F$368,0)),"")} -> 0
A42: =A41+1 -> 2 | B42: Lô 2D | C42: {=IFERROR(INDEX(Data_SL!G$2:G$368,MATCH($R$2&$R$1&$B42,Data_SL!$B$2:$B$368&Data_SL!$A$2:$A$368&Data_SL!$F$2:$F$368,0)),"")} -> 1307971000 | D42: {=IFERROR(INDEX(Data_SL!H$2:H$368,MATCH($R$2&$R$1&$B42,Data_SL!$B$2:$B$368&Data_SL!$A$2:$A$368&Data_SL!$F$2:$F$368,0)),"")} -> 0 | E42: {=IFERROR(INDEX(Data_SL!I$2:I$368,MATCH($R$2&$R$1&$B42,Data_SL!$B$2:$B$368&Data_SL!$A$2:$A$368&Data_SL!$F$2:$F$368,0)),"")} -> 0 | F42: {=IFERROR(INDEX(Data_SL!J$2:J$368,MATCH($R$2&$R$1&$B42,Data_SL!$B$2:$B$368&Data_SL!$A$2:$A$368&Data_SL!$F$2:$F$368,0)),"")} -> 1307971000 | G42: {=IFERROR(INDEX(Data_SL!K$2:K$368,MATCH($R$2&$R$1&$B42,Data_SL!$B$2:$B$368&Data_SL!$A$2:$A$368&Data_SL!$F$2:$F$368,0)),"")} -> 0 | H42: {=IFERROR(INDEX(Data_SL!L$2:L$368,MATCH($R$2&$R$1&$B42,Data_SL!$B$2:$B$368&Data_SL!$A$2:$A$368&Data_SL!$F$2:$F$368,0)),"")} -> 1307971000 | I42: {=IFERROR(INDEX(Data_SL!M$2:M$368,MATCH($R$2&$R$1&$B42,Data_SL!$B$2:$B$368&Data_SL!$A$2:$A$368&Data_SL!$F$2:$F$368,0)),"")} -> 0 | J42: {=IFERROR(INDEX(Data_SL!N$2:N$368,MATCH($R$2&$R$1&$B42,Data_SL!$B$2:$B$368&Data_SL!$A$2:$A$368&Data_SL!$F$2:$F$368,0)),"")} -> 0 | ... L42: {=IFERROR(INDEX(Data_SL!P$2:P$368,MATCH($R$2&$R$1&$B42,Data_SL!$B$2:$B$368&Data_SL!$A$2:$A$368&Data_SL!$F$2:$F$368,0)),"")} -> 0
A43: =A42+1 -> 3 | B43: Lô 4D | C43: {=IFERROR(INDEX(Data_SL!G$2:G$368,MATCH($R$2&$R$1&$B43,Data_SL!$B$2:$B$368&Data_SL!$A$2:$A$368&Data_SL!$F$2:$F$368,0)),"")} -> 1196198000 | D43: {=IFERROR(INDEX(Data_SL!H$2:H$368,MATCH($R$2&$R$1&$B43,Data_SL!$B$2:$B$368&Data_SL!$A$2:$A$368&Data_SL!$F$2:$F$368,0)),"")} -> 0 | E43: {=IFERROR(INDEX(Data_SL!I$2:I$368,MATCH($R$2&$R$1&$B43,Data_SL!$B$2:$B$368&Data_SL!$A$2:$A$368&Data_SL!$F$2:$F$368,0)),"")} -> 0 | F43: {=IFERROR(INDEX(Data_SL!J$2:J$368,MATCH($R$2&$R$1&$B43,Data_SL!$B$2:$B$368&Data_SL!$A$2:$A$368&Data_SL!$F$2:$F$368,0)),"")} -> 1196198000 | G43: {=IFERROR(INDEX(Data_SL!K$2:K$368,MATCH($R$2&$R$1&$B43,Data_SL!$B$2:$B$368&Data_SL!$A$2:$A$368&Data_SL!$F$2:$F$368,0)),"")} -> 164801852 | H43: {=IFERROR(INDEX(Data_SL!L$2:L$368,MATCH($R$2&$R$1&$B43,Data_SL!$B$2:$B$368&Data_SL!$A$2:$A$368&Data_SL!$F$2:$F$368,0)),"")} -> 1360999852 | I43: {=IFERROR(INDEX(Data_SL!M$2:M$368,MATCH($R$2&$R$1&$B43,Data_SL!$B$2:$B$368&Data_SL!$A$2:$A$368&Data_SL!$F$2:$F$368,0)),"")} -> 0 | J43: {=IFERROR(INDEX(Data_SL!N$2:N$368,MATCH($R$2&$R$1&$B43,Data_SL!$B$2:$B$368&Data_SL!$A$2:$A$368&Data_SL!$F$2:$F$368,0)),"")} -> 0 | ... L43: {=IFERROR(INDEX(Data_SL!P$2:P$368,MATCH($R$2&$R$1&$B43,Data_SL!$B$2:$B$368&Data_SL!$A$2:$A$368&Data_SL!$F$2:$F$368,0)),"")} -> Đã quyết toán | M43: =C43-237520800 -> 958677200
A44: =A43+1 -> 4 | B44: Lô 6D | C44: {=IFERROR(INDEX(Data_SL!G$2:G$368,MATCH($R$2&$R$1&$B44,Data_SL!$B$2:$B$368&Data_SL!$A$2:$A$368&Data_SL!$F$2:$F$368,0)),"")} -> 1151814000 | D44: {=IFERROR(INDEX(Data_SL!H$2:H$368,MATCH($R$2&$R$1&$B44,Data_SL!$B$2:$B$368&Data_SL!$A$2:$A$368&Data_SL!$F$2:$F$368,0)),"")} -> 0 | E44: {=IFERROR(INDEX(Data_SL!I$2:I$368,MATCH($R$2&$R$1&$B44,Data_SL!$B$2:$B$368&Data_SL!$A$2:$A$368&Data_SL!$F$2:$F$368,0)),"")} -> 0 | F44: {=IFERROR(INDEX(Data_SL!J$2:J$368,MATCH($R$2&$R$1&$B44,Data_SL!$B$2:$B$368&Data_SL!$A$2:$A$368&Data_SL!$F$2:$F$368,0)),"")} -> 1151814000 | G44: {=IFERROR(INDEX(Data_SL!K$2:K$368,MATCH($R$2&$R$1&$B44,Data_SL!$B$2:$B$368&Data_SL!$A$2:$A$368&Data_SL!$F$2:$F$368,0)),"")} -> 0 | H44: {=IFERROR(INDEX(Data_SL!L$2:L$368,MATCH($R$2&$R$1&$B44,Data_SL!$B$2:$B$368&Data_SL!$A$2:$A$368&Data_SL!$F$2:$F$368,0)),"")} -> 1151814000 | I44: {=IFERROR(INDEX(Data_SL!M$2:M$368,MATCH($R$2&$R$1&$B44,Data_SL!$B$2:$B$368&Data_SL!$A$2:$A$368&Data_SL!$F$2:$F$368,0)),"")} -> 0 | J44: {=IFERROR(INDEX(Data_SL!N$2:N$368,MATCH($R$2&$R$1&$B44,Data_SL!$B$2:$B$368&Data_SL!$A$2:$A$368&Data_SL!$F$2:$F$368,0)),"")} -> 0 | ... L44: {=IFERROR(INDEX(Data_SL!P$2:P$368,MATCH($R$2&$R$1&$B44,Data_SL!$B$2:$B$368&Data_SL!$A$2:$A$368&Data_SL!$F$2:$F$368,0)),"")} -> 0
A45: =A44+1 -> 5 | B45: Lô 7D | C45: {=IFERROR(INDEX(Data_SL!G$2:G$368,MATCH($R$2&$R$1&$B45,Data_SL!$B$2:$B$368&Data_SL!$A$2:$A$368&Data_SL!$F$2:$F$368,0)),"")} -> 1178570000 | D45: {=IFERROR(INDEX(Data_SL!H$2:H$368,MATCH($R$2&$R$1&$B45,Data_SL!$B$2:$B$368&Data_SL!$A$2:$A$368&Data_SL!$F$2:$F$368,0)),"")} -> 0 | E45: {=IFERROR(INDEX(Data_SL!I$2:I$368,MATCH($R$2&$R$1&$B45,Data_SL!$B$2:$B$368&Data_SL!$A$2:$A$368&Data_SL!$F$2:$F$368,0)),"")} -> 0 | F45: {=IFERROR(INDEX(Data_SL!J$2:J$368,MATCH($R$2&$R$1&$B45,Data_SL!$B$2:$B$368&Data_SL!$A$2:$A$368&Data_SL!$F$2:$F$368,0)),"")} -> 1178570000 | G45: {=IFERROR(INDEX(Data_SL!K$2:K$368,MATCH($R$2&$R$1&$B45,Data_SL!$B$2:$B$368&Data_SL!$A$2:$A$368&Data_SL!$F$2:$F$368,0)),"")} -> 1.6298981e+08 | H45: {=IFERROR(INDEX(Data_SL!L$2:L$368,MATCH($R$2&$R$1&$B45,Data_SL!$B$2:$B$368&Data_SL!$A$2:$A$368&Data_SL!$F$2:$F$368,0)),"")} -> 1.3415598e+09 | I45: {=IFERROR(INDEX(Data_SL!M$2:M$368,MATCH($R$2&$R$1&$B45,Data_SL!$B$2:$B$368&Data_SL!$A$2:$A$368&Data_SL!$F$2:$F$368,0)),"")} -> 0 | J45: {=IFERROR(INDEX(Data_SL!N$2:N$368,MATCH($R$2&$R$1&$B45,Data_SL!$B$2:$B$368&Data_SL!$A$2:$A$368&Data_SL!$F$2:$F$368,0)),"")} -> 0 | ... L45: {=IFERROR(INDEX(Data_SL!P$2:P$368,MATCH($R$2&$R$1&$B45,Data_SL!$B$2:$B$368&Data_SL!$A$2:$A$368&Data_SL!$F$2:$F$368,0)),"")} -> Đã quyết toán | M45: =C45 -> 1178570000
A46: =A45+1 -> 6 | B46: Lô 9D | C46: {=IFERROR(INDEX(Data_SL!G$2:G$368,MATCH($R$2&$R$1&$B46,Data_SL!$B$2:$B$368&Data_SL!$A$2:$A$368&Data_SL!$F$2:$F$368,0)),"")} -> 1209500000 | D46: {=IFERROR(INDEX(Data_SL!H$2:H$368,MATCH($R$2&$R$1&$B46,Data_SL!$B$2:$B$368&Data_SL!$A$2:$A$368&Data_SL!$F$2:$F$368,0)),"")} -> 0 | E46: {=IFERROR(INDEX(Data_SL!I$2:I$368,MATCH($R$2&$R$1&$B46,Data_SL!$B$2:$B$368&Data_SL!$A$2:$A$368&Data_SL!$F$2:$F$368,0)),"")} -> 171666000 | F46: {=IFERROR(INDEX(Data_SL!J$2:J$368,MATCH($R$2&$R$1&$B46,Data_SL!$B$2:$B$368&Data_SL!$A$2:$A$368&Data_SL!$F$2:$F$368,0)),"")} -> 724508550 | G46: {=IFERROR(INDEX(Data_SL!K$2:K$368,MATCH($R$2&$R$1&$B46,Data_SL!$B$2:$B$368&Data_SL!$A$2:$A$368&Data_SL!$F$2:$F$368,0)),"")} -> 0 | H46: {=IFERROR(INDEX(Data_SL!L$2:L$368,MATCH($R$2&$R$1&$B46,Data_SL!$B$2:$B$368&Data_SL!$A$2:$A$368&Data_SL!$F$2:$F$368,0)),"")} -> 724508550 | I46: {=IFERROR(INDEX(Data_SL!M$2:M$368,MATCH($R$2&$R$1&$B46,Data_SL!$B$2:$B$368&Data_SL!$A$2:$A$368&Data_SL!$F$2:$F$368,0)),"")} -> 484991450 | J46: {=IFERROR(INDEX(Data_SL!N$2:N$368,MATCH($R$2&$R$1&$B46,Data_SL!$B$2:$B$368&Data_SL!$A$2:$A$368&Data_SL!$F$2:$F$368,0)),"")} -> 0 | ... L46: {=IFERROR(INDEX(Data_SL!P$2:P$368,MATCH($R$2&$R$1&$B46,Data_SL!$B$2:$B$368&Data_SL!$A$2:$A$368&Data_SL!$F$2:$F$368,0)),"")} -> 0
A47: =A46+1 -> 7 | B47: Lô 10D | C47: {=IFERROR(INDEX(Data_SL!G$2:G$368,MATCH($R$2&$R$1&$B47,Data_SL!$B$2:$B$368&Data_SL!$A$2:$A$368&Data_SL!$F$2:$F$368,0)),"")} -> 1355857000 | D47: {=IFERROR(INDEX(Data_SL!H$2:H$368,MATCH($R$2&$R$1&$B47,Data_SL!$B$2:$B$368&Data_SL!$A$2:$A$368&Data_SL!$F$2:$F$368,0)),"")} -> 0 | E47: {=IFERROR(INDEX(Data_SL!I$2:I$368,MATCH($R$2&$R$1&$B47,Data_SL!$B$2:$B$368&Data_SL!$A$2:$A$368&Data_SL!$F$2:$F$368,0)),"")} -> 0 | F47: {=IFERROR(INDEX(Data_SL!J$2:J$368,MATCH($R$2&$R$1&$B47,Data_SL!$B$2:$B$368&Data_SL!$A$2:$A$368&Data_SL!$F$2:$F$368,0)),"")} -> 524149542 | G47: {=IFERROR(INDEX(Data_SL!K$2:K$368,MATCH($R$2&$R$1&$B47,Data_SL!$B$2:$B$368&Data_SL!$A$2:$A$368&Data_SL!$F$2:$F$368,0)),"")} -> 0 | H47: {=IFERROR(INDEX(Data_SL!L$2:L$368,MATCH($R$2&$R$1&$B47,Data_SL!$B$2:$B$368&Data_SL!$A$2:$A$368&Data_SL!$F$2:$F$368,0)),"")} -> 524149542 | I47: {=IFERROR(INDEX(Data_SL!M$2:M$368,MATCH($R$2&$R$1&$B47,Data_SL!$B$2:$B$368&Data_SL!$A$2:$A$368&Data_SL!$F$2:$F$368,0)),"")} -> 831707458 | J47: {=IFERROR(INDEX(Data_SL!N$2:N$368,MATCH($R$2&$R$1&$B47,Data_SL!$B$2:$B$368&Data_SL!$A$2:$A$368&Data_SL!$F$2:$F$368,0)),"")} -> 0 | ... L47: {=IFERROR(INDEX(Data_SL!P$2:P$368,MATCH($R$2&$R$1&$B47,Data_SL!$B$2:$B$368&Data_SL!$A$2:$A$368&Data_SL!$F$2:$F$368,0)),"")} -> Tạm dừng thi công | M47: =ROUND(12.15*4.76,3) -> 57.834 | N47: 4500000 | O47: =ROUND(M47*N47,3) -> 260253000 | P47: =O47*0.55 -> 143139150 | Q47: =O47*0.45 -> 117113850
A48: =A47+1 -> 8 | B48: Lô 11D | C48: {=IFERROR(INDEX(Data_SL!G$2:G$368,MATCH($R$2&$R$1&$B48,Data_SL!$B$2:$B$368&Data_SL!$A$2:$A$368&Data_SL!$F$2:$F$368,0)),"")} -> 1227450000 | D48: {=IFERROR(INDEX(Data_SL!H$2:H$368,MATCH($R$2&$R$1&$B48,Data_SL!$B$2:$B$368&Data_SL!$A$2:$A$368&Data_SL!$F$2:$F$368,0)),"")} -> 0 | E48: {=IFERROR(INDEX(Data_SL!I$2:I$368,MATCH($R$2&$R$1&$B48,Data_SL!$B$2:$B$368&Data_SL!$A$2:$A$368&Data_SL!$F$2:$F$368,0)),"")} -> 0 | F48: {=IFERROR(INDEX(Data_SL!J$2:J$368,MATCH($R$2&$R$1&$B48,Data_SL!$B$2:$B$368&Data_SL!$A$2:$A$368&Data_SL!$F$2:$F$368,0)),"")} -> 1227450000 | G48: {=IFERROR(INDEX(Data_SL!K$2:K$368,MATCH($R$2&$R$1&$B48,Data_SL!$B$2:$B$368&Data_SL!$A$2:$A$368&Data_SL!$F$2:$F$368,0)),"")} -> 1.4586667e+08 | H48: {=IFERROR(INDEX(Data_SL!L$2:L$368,MATCH($R$2&$R$1&$B48,Data_SL!$B$2:$B$368&Data_SL!$A$2:$A$368&Data_SL!$F$2:$F$368,0)),"")} -> 1.3733167e+09 | I48: {=IFERROR(INDEX(Data_SL!M$2:M$368,MATCH($R$2&$R$1&$B48,Data_SL!$B$2:$B$368&Data_SL!$A$2:$A$368&Data_SL!$F$2:$F$368,0)),"")} -> 0 | J48: {=IFERROR(INDEX(Data_SL!N$2:N$368,MATCH($R$2&$R$1&$B48,Data_SL!$B$2:$B$368&Data_SL!$A$2:$A$368&Data_SL!$F$2:$F$368,0)),"")} -> 0 | ... L48: {=IFERROR(INDEX(Data_SL!P$2:P$368,MATCH($R$2&$R$1&$B48,Data_SL!$B$2:$B$368&Data_SL!$A$2:$A$368&Data_SL!$F$2:$F$368,0)),"")} -> Đã quyết toán | M48: =C48 -> 1227450000
A49: =A48+1 -> 9 | B49: Lô 14D-A | C49: {=IFERROR(INDEX(Data_SL!G$2:G$368,MATCH($R$2&$R$1&$B49,Data_SL!$B$2:$B$368&Data_SL!$A$2:$A$368&Data_SL!$F$2:$F$368,0)),"")} -> 1191411000 | D49: {=IFERROR(INDEX(Data_SL!H$2:H$368,MATCH($R$2&$R$1&$B49,Data_SL!$B$2:$B$368&Data_SL!$A$2:$A$368&Data_SL!$F$2:$F$368,0)),"")} -> 0 | E49: {=IFERROR(INDEX(Data_SL!I$2:I$368,MATCH($R$2&$R$1&$B49,Data_SL!$B$2:$B$368&Data_SL!$A$2:$A$368&Data_SL!$F$2:$F$368,0)),"")} -> 263622675 | F49: {=IFERROR(INDEX(Data_SL!J$2:J$368,MATCH($R$2&$R$1&$B49,Data_SL!$B$2:$B$368&Data_SL!$A$2:$A$368&Data_SL!$F$2:$F$368,0)),"")} -> 1190874000 | G49: {=IFERROR(INDEX(Data_SL!K$2:K$368,MATCH($R$2&$R$1&$B49,Data_SL!$B$2:$B$368&Data_SL!$A$2:$A$368&Data_SL!$F$2:$F$368,0)),"")} -> 0 | H49: {=IFERROR(INDEX(Data_SL!L$2:L$368,MATCH($R$2&$R$1&$B49,Data_SL!$B$2:$B$368&Data_SL!$A$2:$A$368&Data_SL!$F$2:$F$368,0)),"")} -> 1190874000 | I49: {=IFERROR(INDEX(Data_SL!M$2:M$368,MATCH($R$2&$R$1&$B49,Data_SL!$B$2:$B$368&Data_SL!$A$2:$A$368&Data_SL!$F$2:$F$368,0)),"")} -> 0 | J49: {=IFERROR(INDEX(Data_SL!N$2:N$368,MATCH($R$2&$R$1&$B49,Data_SL!$B$2:$B$368&Data_SL!$A$2:$A$368&Data_SL!$F$2:$F$368,0)),"")} -> 0 | ... L49: {=IFERROR(INDEX(Data_SL!P$2:P$368,MATCH($R$2&$R$1&$B49,Data_SL!$B$2:$B$368&Data_SL!$A$2:$A$368&Data_SL!$F$2:$F$368,0)),"")} -> 0
A50: =A49+1 -> 10 | B50: Lô 14D-B | C50: {=IFERROR(INDEX(Data_SL!G$2:G$368,MATCH($R$2&$R$1&$B50,Data_SL!$B$2:$B$368&Data_SL!$A$2:$A$368&Data_SL!$F$2:$F$368,0)),"")} -> 1202288000 | D50: {=IFERROR(INDEX(Data_SL!H$2:H$368,MATCH($R$2&$R$1&$B50,Data_SL!$B$2:$B$368&Data_SL!$A$2:$A$368&Data_SL!$F$2:$F$368,0)),"")} -> 0 | E50: {=IFERROR(INDEX(Data_SL!I$2:I$368,MATCH($R$2&$R$1&$B50,Data_SL!$B$2:$B$368&Data_SL!$A$2:$A$368&Data_SL!$F$2:$F$368,0)),"")} -> 0 | F50: {=IFERROR(INDEX(Data_SL!J$2:J$368,MATCH($R$2&$R$1&$B50,Data_SL!$B$2:$B$368&Data_SL!$A$2:$A$368&Data_SL!$F$2:$F$368,0)),"")} -> 1202288000 | G50: {=IFERROR(INDEX(Data_SL!K$2:K$368,MATCH($R$2&$R$1&$B50,Data_SL!$B$2:$B$368&Data_SL!$A$2:$A$368&Data_SL!$F$2:$F$368,0)),"")} -> 1.3969259e+08 | H50: {=IFERROR(INDEX(Data_SL!L$2:L$368,MATCH($R$2&$R$1&$B50,Data_SL!$B$2:$B$368&Data_SL!$A$2:$A$368&Data_SL!$F$2:$F$368,0)),"")} -> 1.3419806e+09 | I50: {=IFERROR(INDEX(Data_SL!M$2:M$368,MATCH($R$2&$R$1&$B50,Data_SL!$B$2:$B$368&Data_SL!$A$2:$A$368&Data_SL!$F$2:$F$368,0)),"")} -> 0 | J50: {=IFERROR(INDEX(Data_SL!N$2:N$368,MATCH($R$2&$R$1&$B50,Data_SL!$B$2:$B$368&Data_SL!$A$2:$A$368&Data_SL!$F$2:$F$368,0)),"")} -> 0 | ... L50: {=IFERROR(INDEX(Data_SL!P$2:P$368,MATCH($R$2&$R$1&$B50,Data_SL!$B$2:$B$368&Data_SL!$A$2:$A$368&Data_SL!$F$2:$F$368,0)),"")} -> Đã quyết toán | M50: =C50 -> 1202288000
A51: =A50+1 -> 11 | B51: Lô 18D | C51: {=IFERROR(INDEX(Data_SL!G$2:G$368,MATCH($R$2&$R$1&$B51,Data_SL!$B$2:$B$368&Data_SL!$A$2:$A$368&Data_SL!$F$2:$F$368,0)),"")} -> 1552019000 | D51: {=IFERROR(INDEX(Data_SL!H$2:H$368,MATCH($R$2&$R$1&$B51,Data_SL!$B$2:$B$368&Data_SL!$A$2:$A$368&Data_SL!$F$2:$F$368,0)),"")} -> 0 | E51: {=IFERROR(INDEX(Data_SL!I$2:I$368,MATCH($R$2&$R$1&$B51,Data_SL!$B$2:$B$368&Data_SL!$A$2:$A$368&Data_SL!$F$2:$F$368,0)),"")} -> 0 | F51: {=IFERROR(INDEX(Data_SL!J$2:J$368,MATCH($R$2&$R$1&$B51,Data_SL!$B$2:$B$368&Data_SL!$A$2:$A$368&Data_SL!$F$2:$F$368,0)),"")} -> 1552019000 | G51: {=IFERROR(INDEX(Data_SL!K$2:K$368,MATCH($R$2&$R$1&$B51,Data_SL!$B$2:$B$368&Data_SL!$A$2:$A$368&Data_SL!$F$2:$F$368,0)),"")} -> 137225000 | H51: {=IFERROR(INDEX(Data_SL!L$2:L$368,MATCH($R$2&$R$1&$B51,Data_SL!$B$2:$B$368&Data_SL!$A$2:$A$368&Data_SL!$F$2:$F$368,0)),"")} -> 1689244000 | I51: {=IFERROR(INDEX(Data_SL!M$2:M$368,MATCH($R$2&$R$1&$B51,Data_SL!$B$2:$B$368&Data_SL!$A$2:$A$368&Data_SL!$F$2:$F$368,0)),"")} -> 0 | J51: {=IFERROR(INDEX(Data_SL!N$2:N$368,MATCH($R$2&$R$1&$B51,Data_SL!$B$2:$B$368&Data_SL!$A$2:$A$368&Data_SL!$F$2:$F$368,0)),"")} -> 0 | ... L51: {=IFERROR(INDEX(Data_SL!P$2:P$368,MATCH($R$2&$R$1&$B51,Data_SL!$B$2:$B$368&Data_SL!$A$2:$A$368&Data_SL!$F$2:$F$368,0)),"")} -> Đã quyết toán | M51: =C51 -> 1552019000
A52: =A51+1 -> 12 | B52: Lô 20D-A | C52: {=IFERROR(INDEX(Data_SL!G$2:G$368,MATCH($R$2&$R$1&$B52,Data_SL!$B$2:$B$368&Data_SL!$A$2:$A$368&Data_SL!$F$2:$F$368,0)),"")} -> 1191696000 | D52: {=IFERROR(INDEX(Data_SL!H$2:H$368,MATCH($R$2&$R$1&$B52,Data_SL!$B$2:$B$368&Data_SL!$A$2:$A$368&Data_SL!$F$2:$F$368,0)),"")} -> 0 | E52: {=IFERROR(INDEX(Data_SL!I$2:I$368,MATCH($R$2&$R$1&$B52,Data_SL!$B$2:$B$368&Data_SL!$A$2:$A$368&Data_SL!$F$2:$F$368,0)),"")} -> 0 | F52: {=IFERROR(INDEX(Data_SL!J$2:J$368,MATCH($R$2&$R$1&$B52,Data_SL!$B$2:$B$368&Data_SL!$A$2:$A$368&Data_SL!$F$2:$F$368,0)),"")} -> 1191696000 | G52: {=IFERROR(INDEX(Data_SL!K$2:K$368,MATCH($R$2&$R$1&$B52,Data_SL!$B$2:$B$368&Data_SL!$A$2:$A$368&Data_SL!$F$2:$F$368,0)),"")} -> 125000000 | H52: {=IFERROR(INDEX(Data_SL!L$2:L$368,MATCH($R$2&$R$1&$B52,Data_SL!$B$2:$B$368&Data_SL!$A$2:$A$368&Data_SL!$F$2:$F$368,0)),"")} -> 1316696000 | I52: {=IFERROR(INDEX(Data_SL!M$2:M$368,MATCH($R$2&$R$1&$B52,Data_SL!$B$2:$B$368&Data_SL!$A$2:$A$368&Data_SL!$F$2:$F$368,0)),"")} -> 0 | J52: {=IFERROR(INDEX(Data_SL!N$2:N$368,MATCH($R$2&$R$1&$B52,Data_SL!$B$2:$B$368&Data_SL!$A$2:$A$368&Data_SL!$F$2:$F$368,0)),"")} -> 0 | ... L52: {=IFERROR(INDEX(Data_SL!P$2:P$368,MATCH($R$2&$R$1&$B52,Data_SL!$B$2:$B$368&Data_SL!$A$2:$A$368&Data_SL!$F$2:$F$368,0)),"")} -> Đã quyết toán | M52: =C52 -> 1191696000
A53: =A52+1 -> 13 | B53: Lô 21D | C53: {=IFERROR(INDEX(Data_SL!G$2:G$368,MATCH($R$2&$R$1&$B53,Data_SL!$B$2:$B$368&Data_SL!$A$2:$A$368&Data_SL!$F$2:$F$368,0)),"")} -> 1658348000 | D53: {=IFERROR(INDEX(Data_SL!H$2:H$368,MATCH($R$2&$R$1&$B53,Data_SL!$B$2:$B$368&Data_SL!$A$2:$A$368&Data_SL!$F$2:$F$368,0)),"")} -> 0 | E53: {=IFERROR(INDEX(Data_SL!I$2:I$368,MATCH($R$2&$R$1&$B53,Data_SL!$B$2:$B$368&Data_SL!$A$2:$A$368&Data_SL!$F$2:$F$368,0)),"")} -> 0 | F53: {=IFERROR(INDEX(Data_SL!J$2:J$368,MATCH($R$2&$R$1&$B53,Data_SL!$B$2:$B$368&Data_SL!$A$2:$A$368&Data_SL!$F$2:$F$368,0)),"")} -> 1658348000 | G53: {=IFERROR(INDEX(Data_SL!K$2:K$368,MATCH($R$2&$R$1&$B53,Data_SL!$B$2:$B$368&Data_SL!$A$2:$A$368&Data_SL!$F$2:$F$368,0)),"")} -> 1.5890926e+08 | H53: {=IFERROR(INDEX(Data_SL!L$2:L$368,MATCH($R$2&$R$1&$B53,Data_SL!$B$2:$B$368&Data_SL!$A$2:$A$368&Data_SL!$F$2:$F$368,0)),"")} -> 1.8172573e+09 | I53: {=IFERROR(INDEX(Data_SL!M$2:M$368,MATCH($R$2&$R$1&$B53,Data_SL!$B$2:$B$368&Data_SL!$A$2:$A$368&Data_SL!$F$2:$F$368,0)),"")} -> 0 | J53: {=IFERROR(INDEX(Data_SL!N$2:N$368,MATCH($R$2&$R$1&$B53,Data_SL!$B$2:$B$368&Data_SL!$A$2:$A$368&Data_SL!$F$2:$F$368,0)),"")} -> 0 | ... L53: {=IFERROR(INDEX(Data_SL!P$2:P$368,MATCH($R$2&$R$1&$B53,Data_SL!$B$2:$B$368&Data_SL!$A$2:$A$368&Data_SL!$F$2:$F$368,0)),"")} -> Đã quyết toán | M53: =C53 -> 1658348000
A54: =A53+1 -> 14 | B54: Lô 22D | C54: {=IFERROR(INDEX(Data_SL!G$2:G$368,MATCH($R$2&$R$1&$B54,Data_SL!$B$2:$B$368&Data_SL!$A$2:$A$368&Data_SL!$F$2:$F$368,0)),"")} -> 1420640000 | D54: {=IFERROR(INDEX(Data_SL!H$2:H$368,MATCH($R$2&$R$1&$B54,Data_SL!$B$2:$B$368&Data_SL!$A$2:$A$368&Data_SL!$F$2:$F$368,0)),"")} -> 0 | E54: {=IFERROR(INDEX(Data_SL!I$2:I$368,MATCH($R$2&$R$1&$B54,Data_SL!$B$2:$B$368&Data_SL!$A$2:$A$368&Data_SL!$F$2:$F$368,0)),"")} -> 0 | F54: {=IFERROR(INDEX(Data_SL!J$2:J$368,MATCH($R$2&$R$1&$B54,Data_SL!$B$2:$B$368&Data_SL!$A$2:$A$368&Data_SL!$F$2:$F$368,0)),"")} -> 1420640000 | G54: {=IFERROR(INDEX(Data_SL!K$2:K$368,MATCH($R$2&$R$1&$B54,Data_SL!$B$2:$B$368&Data_SL!$A$2:$A$368&Data_SL!$F$2:$F$368,0)),"")} -> 1.4907685e+08 | H54: {=IFERROR(INDEX(Data_SL!L$2:L$368,MATCH($R$2&$R$1&$B54,Data_SL!$B$2:$B$368&Data_SL!$A$2:$A$368&Data_SL!$F$2:$F$368,0)),"")} -> 1.5697169e+09 | I54: {=IFERROR(INDEX(Data_SL!M$2:M$368,MATCH($R$2&$R$1&$B54,Data_SL!$B$2:$B$368&Data_SL!$A$2:$A$368&Data_SL!$F$2:$F$368,0)),"")} -> 0 | J54: {=IFERROR(INDEX(Data_SL!N$2:N$368,MATCH($R$2&$R$1&$B54,Data_SL!$B$2:$B$368&Data_SL!$A$2:$A$368&Data_SL!$F$2:$F$368,0)),"")} -> 0 | ... L54: {=IFERROR(INDEX(Data_SL!P$2:P$368,MATCH($R$2&$R$1&$B54,Data_SL!$B$2:$B$368&Data_SL!$A$2:$A$368&Data_SL!$F$2:$F$368,0)),"")} -> Đã quyết toán | M54: =C54 -> 1420640000
A55: =A54+1 -> 15 | B55: Lô 23D-A | C55: {=IFERROR(INDEX(Data_SL!G$2:G$368,MATCH($R$2&$R$1&$B55,Data_SL!$B$2:$B$368&Data_SL!$A$2:$A$368&Data_SL!$F$2:$F$368,0)),"")} -> 1215243000 | D55: {=IFERROR(INDEX(Data_SL!H$2:H$368,MATCH($R$2&$R$1&$B55,Data_SL!$B$2:$B$368&Data_SL!$A$2:$A$368&Data_SL!$F$2:$F$368,0)),"")} -> 0 | E55: {=IFERROR(INDEX(Data_SL!I$2:I$368,MATCH($R$2&$R$1&$B55,Data_SL!$B$2:$B$368&Data_SL!$A$2:$A$368&Data_SL!$F$2:$F$368,0)),"")} -> 0 | F55: {=IFERROR(INDEX(Data_SL!J$2:J$368,MATCH($R$2&$R$1&$B55,Data_SL!$B$2:$B$368&Data_SL!$A$2:$A$368&Data_SL!$F$2:$F$368,0)),"")} -> 1215243000 | G55: {=IFERROR(INDEX(Data_SL!K$2:K$368,MATCH($R$2&$R$1&$B55,Data_SL!$B$2:$B$368&Data_SL!$A$2:$A$368&Data_SL!$F$2:$F$368,0)),"")} -> 84728704 | H55: {=IFERROR(INDEX(Data_SL!L$2:L$368,MATCH($R$2&$R$1&$B55,Data_SL!$B$2:$B$368&Data_SL!$A$2:$A$368&Data_SL!$F$2:$F$368,0)),"")} -> 1299971704 | I55: {=IFERROR(INDEX(Data_SL!M$2:M$368,MATCH($R$2&$R$1&$B55,Data_SL!$B$2:$B$368&Data_SL!$A$2:$A$368&Data_SL!$F$2:$F$368,0)),"")} -> 0 | J55: {=IFERROR(INDEX(Data_SL!N$2:N$368,MATCH($R$2&$R$1&$B55,Data_SL!$B$2:$B$368&Data_SL!$A$2:$A$368&Data_SL!$F$2:$F$368,0)),"")} -> 0 | ... L55: {=IFERROR(INDEX(Data_SL!P$2:P$368,MATCH($R$2&$R$1&$B55,Data_SL!$B$2:$B$368&Data_SL!$A$2:$A$368&Data_SL!$F$2:$F$368,0)),"")} -> Đã quyết toán | M55: =C55-132167700*3.7 -> 726222510
A56: =A55+1 -> 16 | B56: Lô 23D-B | C56: {=IFERROR(INDEX(Data_SL!G$2:G$368,MATCH($R$2&$R$1&$B56,Data_SL!$B$2:$B$368&Data_SL!$A$2:$A$368&Data_SL!$F$2:$F$368,0)),"")} -> 1217161000 | D56: {=IFERROR(INDEX(Data_SL!H$2:H$368,MATCH($R$2&$R$1&$B56,Data_SL!$B$2:$B$368&Data_SL!$A$2:$A$368&Data_SL!$F$2:$F$368,0)),"")} -> 0 | E56: {=IFERROR(INDEX(Data_SL!I$2:I$368,MATCH($R$2&$R$1&$B56,Data_SL!$B$2:$B$368&Data_SL!$A$2:$A$368&Data_SL!$F$2:$F$368,0)),"")} -> 0 | F56: {=IFERROR(INDEX(Data_SL!J$2:J$368,MATCH($R$2&$R$1&$B56,Data_SL!$B$2:$B$368&Data_SL!$A$2:$A$368&Data_SL!$F$2:$F$368,0)),"")} -> 1217161000 | G56: {=IFERROR(INDEX(Data_SL!K$2:K$368,MATCH($R$2&$R$1&$B56,Data_SL!$B$2:$B$368&Data_SL!$A$2:$A$368&Data_SL!$F$2:$F$368,0)),"")} -> 142537963 | H56: {=IFERROR(INDEX(Data_SL!L$2:L$368,MATCH($R$2&$R$1&$B56,Data_SL!$B$2:$B$368&Data_SL!$A$2:$A$368&Data_SL!$F$2:$F$368,0)),"")} -> 1359698963 | I56: {=IFERROR(INDEX(Data_SL!M$2:M$368,MATCH($R$2&$R$1&$B56,Data_SL!$B$2:$B$368&Data_SL!$A$2:$A$368&Data_SL!$F$2:$F$368,0)),"")} -> 0 | J56: {=IFERROR(INDEX(Data_SL!N$2:N$368,MATCH($R$2&$R$1&$B56,Data_SL!$B$2:$B$368&Data_SL!$A$2:$A$368&Data_SL!$F$2:$F$368,0)),"")} -> 0 | ... L56: {=IFERROR(INDEX(Data_SL!P$2:P$368,MATCH($R$2&$R$1&$B56,Data_SL!$B$2:$B$368&Data_SL!$A$2:$A$368&Data_SL!$F$2:$F$368,0)),"")} -> Đã quyết toán | M56: =C56 -> 1217161000
A57: =A56+1 -> 17 | B57: Lô 24D-A | C57: {=IFERROR(INDEX(Data_SL!G$2:G$368,MATCH($R$2&$R$1&$B57,Data_SL!$B$2:$B$368&Data_SL!$A$2:$A$368&Data_SL!$F$2:$F$368,0)),"")} -> 1150000000 | D57: {=IFERROR(INDEX(Data_SL!H$2:H$368,MATCH($R$2&$R$1&$B57,Data_SL!$B$2:$B$368&Data_SL!$A$2:$A$368&Data_SL!$F$2:$F$368,0)),"")} -> 0 | E57: {=IFERROR(INDEX(Data_SL!I$2:I$368,MATCH($R$2&$R$1&$B57,Data_SL!$B$2:$B$368&Data_SL!$A$2:$A$368&Data_SL!$F$2:$F$368,0)),"")} -> 0 | F57: {=IFERROR(INDEX(Data_SL!J$2:J$368,MATCH($R$2&$R$1&$B57,Data_SL!$B$2:$B$368&Data_SL!$A$2:$A$368&Data_SL!$F$2:$F$368,0)),"")} -> 1150000000 | G57: {=IFERROR(INDEX(Data_SL!K$2:K$368,MATCH($R$2&$R$1&$B57,Data_SL!$B$2:$B$368&Data_SL!$A$2:$A$368&Data_SL!$F$2:$F$368,0)),"")} -> 108254630 | H57: {=IFERROR(INDEX(Data_SL!L$2:L$368,MATCH($R$2&$R$1&$B57,Data_SL!$B$2:$B$368&Data_SL!$A$2:$A$368&Data_SL!$F$2:$F$368,0)),"")} -> 1258254630 | I57: {=IFERROR(INDEX(Data_SL!M$2:M$368,MATCH($R$2&$R$1&$B57,Data_SL!$B$2:$B$368&Data_SL!$A$2:$A$368&Data_SL!$F$2:$F$368,0)),"")} -> 0 | J57: {=IFERROR(INDEX(Data_SL!N$2:N$368,MATCH($R$2&$R$1&$B57,Data_SL!$B$2:$B$368&Data_SL!$A$2:$A$368&Data_SL!$F$2:$F$368,0)),"")} -> 0 | ... L57: {=IFERROR(INDEX(Data_SL!P$2:P$368,MATCH($R$2&$R$1&$B57,Data_SL!$B$2:$B$368&Data_SL!$A$2:$A$368&Data_SL!$F$2:$F$368,0)),"")} -> Đã quyết toán | M57: =C57-132167700*3.1 -> 740280130
A58: 18 | B58: Lô 25D-A | C58: {=IFERROR(INDEX(Data_SL!G$2:G$368,MATCH($R$2&$R$1&$B58,Data_SL!$B$2:$B$368&Data_SL!$A$2:$A$368&Data_SL!$F$2:$F$368,0)),"")} -> 0 | D58: {=IFERROR(INDEX(Data_SL!H$2:H$368,MATCH($R$2&$R$1&$B58,Data_SL!$B$2:$B$368&Data_SL!$A$2:$A$368&Data_SL!$F$2:$F$368,0)),"")} -> 0 | E58: {=IFERROR(INDEX(Data_SL!I$2:I$368,MATCH($R$2&$R$1&$B58,Data_SL!$B$2:$B$368&Data_SL!$A$2:$A$368&Data_SL!$F$2:$F$368,0)),"")} -> 0 | F58: {=IFERROR(INDEX(Data_SL!J$2:J$368,MATCH($R$2&$R$1&$B58,Data_SL!$B$2:$B$368&Data_SL!$A$2:$A$368&Data_SL!$F$2:$F$368,0)),"")} -> 0 | G58: {=IFERROR(INDEX(Data_SL!K$2:K$368,MATCH($R$2&$R$1&$B58,Data_SL!$B$2:$B$368&Data_SL!$A$2:$A$368&Data_SL!$F$2:$F$368,0)),"")} -> 0 | H58: {=IFERROR(INDEX(Data_SL!L$2:L$368,MATCH($R$2&$R$1&$B58,Data_SL!$B$2:$B$368&Data_SL!$A$2:$A$368&Data_SL!$F$2:$F$368,0)),"")} -> 0 | I58: {=IFERROR(INDEX(Data_SL!M$2:M$368,MATCH($R$2&$R$1&$B58,Data_SL!$B$2:$B$368&Data_SL!$A$2:$A$368&Data_SL!$F$2:$F$368,0)),"")} -> 0 | J58: {=IFERROR(INDEX(Data_SL!N$2:N$368,MATCH($R$2&$R$1&$B58,Data_SL!$B$2:$B$368&Data_SL!$A$2:$A$368&Data_SL!$F$2:$F$368,0)),"")} -> 0 | ... L58: {=IFERROR(INDEX(Data_SL!P$2:P$368,MATCH($R$2&$R$1&$B58,Data_SL!$B$2:$B$368&Data_SL!$A$2:$A$368&Data_SL!$F$2:$F$368,0)),"")} -> 0
A59: 19 | B59: Lô 25D-B | C59: {=IFERROR(INDEX(Data_SL!G$2:G$368,MATCH($R$2&$R$1&$B59,Data_SL!$B$2:$B$368&Data_SL!$A$2:$A$368&Data_SL!$F$2:$F$368,0)),"")} -> 1269841117 | D59: {=IFERROR(INDEX(Data_SL!H$2:H$368,MATCH($R$2&$R$1&$B59,Data_SL!$B$2:$B$368&Data_SL!$A$2:$A$368&Data_SL!$F$2:$F$368,0)),"")} -> 0 | E59: {=IFERROR(INDEX(Data_SL!I$2:I$368,MATCH($R$2&$R$1&$B59,Data_SL!$B$2:$B$368&Data_SL!$A$2:$A$368&Data_SL!$F$2:$F$368,0)),"")} -> 262176750 | F59: {=IFERROR(INDEX(Data_SL!J$2:J$368,MATCH($R$2&$R$1&$B59,Data_SL!$B$2:$B$368&Data_SL!$A$2:$A$368&Data_SL!$F$2:$F$368,0)),"")} -> 381348000 | G59: {=IFERROR(INDEX(Data_SL!K$2:K$368,MATCH($R$2&$R$1&$B59,Data_SL!$B$2:$B$368&Data_SL!$A$2:$A$368&Data_SL!$F$2:$F$368,0)),"")} -> 0 | H59: {=IFERROR(INDEX(Data_SL!L$2:L$368,MATCH($R$2&$R$1&$B59,Data_SL!$B$2:$B$368&Data_SL!$A$2:$A$368&Data_SL!$F$2:$F$368,0)),"")} -> 381348000 | I59: {=IFERROR(INDEX(Data_SL!M$2:M$368,MATCH($R$2&$R$1&$B59,Data_SL!$B$2:$B$368&Data_SL!$A$2:$A$368&Data_SL!$F$2:$F$368,0)),"")} -> 888493117 | J59: {=IFERROR(INDEX(Data_SL!N$2:N$368,MATCH($R$2&$R$1&$B59,Data_SL!$B$2:$B$368&Data_SL!$A$2:$A$368&Data_SL!$F$2:$F$368,0)),"")} -> 0 | ... L59: {=IFERROR(INDEX(Data_SL!P$2:P$368,MATCH($R$2&$R$1&$B59,Data_SL!$B$2:$B$368&Data_SL!$A$2:$A$368&Data_SL!$F$2:$F$368,0)),"")} -> 0
A60: 20 | B60: Lô 26D | C60: {=IFERROR(INDEX(Data_SL!G$2:G$368,MATCH($R$2&$R$1&$B60,Data_SL!$B$2:$B$368&Data_SL!$A$2:$A$368&Data_SL!$F$2:$F$368,0)),"")} -> 1382220000 | D60: {=IFERROR(INDEX(Data_SL!H$2:H$368,MATCH($R$2&$R$1&$B60,Data_SL!$B$2:$B$368&Data_SL!$A$2:$A$368&Data_SL!$F$2:$F$368,0)),"")} -> 0 | E60: {=IFERROR(INDEX(Data_SL!I$2:I$368,MATCH($R$2&$R$1&$B60,Data_SL!$B$2:$B$368&Data_SL!$A$2:$A$368&Data_SL!$F$2:$F$368,0)),"")} -> 0 | F60: {=IFERROR(INDEX(Data_SL!J$2:J$368,MATCH($R$2&$R$1&$B60,Data_SL!$B$2:$B$368&Data_SL!$A$2:$A$368&Data_SL!$F$2:$F$368,0)),"")} -> 1382220000 | G60: {=IFERROR(INDEX(Data_SL!K$2:K$368,MATCH($R$2&$R$1&$B60,Data_SL!$B$2:$B$368&Data_SL!$A$2:$A$368&Data_SL!$F$2:$F$368,0)),"")} -> 1.2482407e+08 | H60: {=IFERROR(INDEX(Data_SL!L$2:L$368,MATCH($R$2&$R$1&$B60,Data_SL!$B$2:$B$368&Data_SL!$A$2:$A$368&Data_SL!$F$2:$F$368,0)),"")} -> 1.5070441e+09 | I60: {=IFERROR(INDEX(Data_SL!M$2:M$368,MATCH($R$2&$R$1&$B60,Data_SL!$B$2:$B$368&Data_SL!$A$2:$A$368&Data_SL!$F$2:$F$368,0)),"")} -> 0 | J60: {=IFERROR(INDEX(Data_SL!N$2:N$368,MATCH($R$2&$R$1&$B60,Data_SL!$B$2:$B$368&Data_SL!$A$2:$A$368&Data_SL!$F$2:$F$368,0)),"")} -> 0 | ... L60: {=IFERROR(INDEX(Data_SL!P$2:P$368,MATCH($R$2&$R$1&$B60,Data_SL!$B$2:$B$368&Data_SL!$A$2:$A$368&Data_SL!$F$2:$F$368,0)),"")} -> Đã quyết toán | M60: =C60 -> 1382220000
A61: 21 | B61: Lô 27D | C61: {=IFERROR(INDEX(Data_SL!G$2:G$368,MATCH($R$2&$R$1&$B61,Data_SL!$B$2:$B$368&Data_SL!$A$2:$A$368&Data_SL!$F$2:$F$368,0)),"")} -> 1509219000 | D61: {=IFERROR(INDEX(Data_SL!H$2:H$368,MATCH($R$2&$R$1&$B61,Data_SL!$B$2:$B$368&Data_SL!$A$2:$A$368&Data_SL!$F$2:$F$368,0)),"")} -> 0 | E61: {=IFERROR(INDEX(Data_SL!I$2:I$368,MATCH($R$2&$R$1&$B61,Data_SL!$B$2:$B$368&Data_SL!$A$2:$A$368&Data_SL!$F$2:$F$368,0)),"")} -> 0 | F61: {=IFERROR(INDEX(Data_SL!J$2:J$368,MATCH($R$2&$R$1&$B61,Data_SL!$B$2:$B$368&Data_SL!$A$2:$A$368&Data_SL!$F$2:$F$368,0)),"")} -> 426300000 | G61: {=IFERROR(INDEX(Data_SL!K$2:K$368,MATCH($R$2&$R$1&$B61,Data_SL!$B$2:$B$368&Data_SL!$A$2:$A$368&Data_SL!$F$2:$F$368,0)),"")} -> 0 | H61: {=IFERROR(INDEX(Data_SL!L$2:L$368,MATCH($R$2&$R$1&$B61,Data_SL!$B$2:$B$368&Data_SL!$A$2:$A$368&Data_SL!$F$2:$F$368,0)),"")} -> 426300000 | I61: {=IFERROR(INDEX(Data_SL!M$2:M$368,MATCH($R$2&$R$1&$B61,Data_SL!$B$2:$B$368&Data_SL!$A$2:$A$368&Data_SL!$F$2:$F$368,0)),"")} -> 1082919000 | J61: {=IFERROR(INDEX(Data_SL!N$2:N$368,MATCH($R$2&$R$1&$B61,Data_SL!$B$2:$B$368&Data_SL!$A$2:$A$368&Data_SL!$F$2:$F$368,0)),"")} -> 0 | ... L61: {=IFERROR(INDEX(Data_SL!P$2:P$368,MATCH($R$2&$R$1&$B61,Data_SL!$B$2:$B$368&Data_SL!$A$2:$A$368&Data_SL!$F$2:$F$368,0)),"")} -> Tạm dừng thi công | M61: 0
A62: E
A63: II | B63: Trại chuối GĐ 2 | M63: DT sàn T2 | N63: DT sàn T3 | O63: DT sàn T4 | P63: DT sàn mai | Q63: Tong cong | R63: Gia tri /m2
A64: 1 | B64: Lô 5E-A | C64: {=IFERROR(INDEX(Data_SL!G$2:G$368,MATCH($R$2&$R$1&$B64,Data_SL!$B$2:$B$368&Data_SL!$A$2:$A$368&Data_SL!$F$2:$F$368,0)),"")} -> 1450000000 | D64: {=IFERROR(INDEX(Data_SL!H$2:H$368,MATCH($R$2&$R$1&$B64,Data_SL!$B$2:$B$368&Data_SL!$A$2:$A$368&Data_SL!$F$2:$F$368,0)),"")} -> 0 | E64: {=IFERROR(INDEX(Data_SL!I$2:I$368,MATCH($R$2&$R$1&$B64,Data_SL!$B$2:$B$368&Data_SL!$A$2:$A$368&Data_SL!$F$2:$F$368,0)),"")} -> 419388750 | F64: {=IFERROR(INDEX(Data_SL!J$2:J$368,MATCH($R$2&$R$1&$B64,Data_SL!$B$2:$B$368&Data_SL!$A$2:$A$368&Data_SL!$F$2:$F$368,0)),"")} -> 1263630308 | G64: {=IFERROR(INDEX(Data_SL!K$2:K$368,MATCH($R$2&$R$1&$B64,Data_SL!$B$2:$B$368&Data_SL!$A$2:$A$368&Data_SL!$F$2:$F$368,0)),"")} -> 0 | H64: {=IFERROR(INDEX(Data_SL!L$2:L$368,MATCH($R$2&$R$1&$B64,Data_SL!$B$2:$B$368&Data_SL!$A$2:$A$368&Data_SL!$F$2:$F$368,0)),"")} -> 1263630308 | I64: {=IFERROR(INDEX(Data_SL!M$2:M$368,MATCH($R$2&$R$1&$B64,Data_SL!$B$2:$B$368&Data_SL!$A$2:$A$368&Data_SL!$F$2:$F$368,0)),"")} -> 186369692 | J64: {=IFERROR(INDEX(Data_SL!N$2:N$368,MATCH($R$2&$R$1&$B64,Data_SL!$B$2:$B$368&Data_SL!$A$2:$A$368&Data_SL!$F$2:$F$368,0)),"")} -> 0 | ... L64: {=IFERROR(INDEX(Data_SL!P$2:P$368,MATCH($R$2&$R$1&$B64,Data_SL!$B$2:$B$368&Data_SL!$A$2:$A$368&Data_SL!$F$2:$F$368,0)),"")} -> 0 | M64: 1588950000 | N64: 105.8 | O64: 105.8 | P64: 56.2 | Q64: =ROUND(SUM(M64+N64+O64+P64),3) -> 1.5889503e+09 | R64: 4500000 | S64: =Q64*R64 -> 7.1502762e+15 | T64: 1170000000
A65: =A64+1 -> 2 | B65: Lô 5E-B | C65: {=IFERROR(INDEX(Data_SL!G$2:G$368,MATCH($R$2&$R$1&$B65,Data_SL!$B$2:$B$368&Data_SL!$A$2:$A$368&Data_SL!$F$2:$F$368,0)),"")} -> 1450000000 | D65: {=IFERROR(INDEX(Data_SL!H$2:H$368,MATCH($R$2&$R$1&$B65,Data_SL!$B$2:$B$368&Data_SL!$A$2:$A$368&Data_SL!$F$2:$F$368,0)),"")} -> 0 | E65: {=IFERROR(INDEX(Data_SL!I$2:I$368,MATCH($R$2&$R$1&$B65,Data_SL!$B$2:$B$368&Data_SL!$A$2:$A$368&Data_SL!$F$2:$F$368,0)),"")} -> 419388750 | F65: {=IFERROR(INDEX(Data_SL!J$2:J$368,MATCH($R$2&$R$1&$B65,Data_SL!$B$2:$B$368&Data_SL!$A$2:$A$368&Data_SL!$F$2:$F$368,0)),"")} -> 1264259390 | G65: {=IFERROR(INDEX(Data_SL!K$2:K$368,MATCH($R$2&$R$1&$B65,Data_SL!$B$2:$B$368&Data_SL!$A$2:$A$368&Data_SL!$F$2:$F$368,0)),"")} -> 0 | H65: {=IFERROR(INDEX(Data_SL!L$2:L$368,MATCH($R$2&$R$1&$B65,Data_SL!$B$2:$B$368&Data_SL!$A$2:$A$368&Data_SL!$F$2:$F$368,0)),"")} -> 1264259390 | I65: {=IFERROR(INDEX(Data_SL!M$2:M$368,MATCH($R$2&$R$1&$B65,Data_SL!$B$2:$B$368&Data_SL!$A$2:$A$368&Data_SL!$F$2:$F$368,0)),"")} -> 185740610 | J65: {=IFERROR(INDEX(Data_SL!N$2:N$368,MATCH($R$2&$R$1&$B65,Data_SL!$B$2:$B$368&Data_SL!$A$2:$A$368&Data_SL!$F$2:$F$368,0)),"")} -> 0 | ... L65: {=IFERROR(INDEX(Data_SL!P$2:P$368,MATCH($R$2&$R$1&$B65,Data_SL!$B$2:$B$368&Data_SL!$A$2:$A$368&Data_SL!$F$2:$F$368,0)),"")} -> 0 | M65: =101*4500000 -> 454500000
A66: =A65+1 -> 3 | B66: Lô 6E-B | C66: {=IFERROR(INDEX(Data_SL!G$2:G$368,MATCH($R$2&$R$1&$B66,Data_SL!$B$2:$B$368&Data_SL!$A$2:$A$368&Data_SL!$F$2:$F$368,0)),"")} -> 1667337000 | D66: {=IFERROR(INDEX(Data_SL!H$2:H$368,MATCH($R$2&$R$1&$B66,Data_SL!$B$2:$B$368&Data_SL!$A$2:$A$368&Data_SL!$F$2:$F$368,0)),"")} -> 0 | E66: {=IFERROR(INDEX(Data_SL!I$2:I$368,MATCH($R$2&$R$1&$B66,Data_SL!$B$2:$B$368&Data_SL!$A$2:$A$368&Data_SL!$F$2:$F$368,0)),"")} -> 0 | F66: {=IFERROR(INDEX(Data_SL!J$2:J$368,MATCH($R$2&$R$1&$B66,Data_SL!$B$2:$B$368&Data_SL!$A$2:$A$368&Data_SL!$F$2:$F$368,0)),"")} -> 1667337000 | G66: {=IFERROR(INDEX(Data_SL!K$2:K$368,MATCH($R$2&$R$1&$B66,Data_SL!$B$2:$B$368&Data_SL!$A$2:$A$368&Data_SL!$F$2:$F$368,0)),"")} -> 69430556 | H66: {=IFERROR(INDEX(Data_SL!L$2:L$368,MATCH($R$2&$R$1&$B66,Data_SL!$B$2:$B$368&Data_SL!$A$2:$A$368&Data_SL!$F$2:$F$368,0)),"")} -> 1736767556 | I66: {=IFERROR(INDEX(Data_SL!M$2:M$368,MATCH($R$2&$R$1&$B66,Data_SL!$B$2:$B$368&Data_SL!$A$2:$A$368&Data_SL!$F$2:$F$368,0)),"")} -> 0 | J66: {=IFERROR(INDEX(Data_SL!N$2:N$368,MATCH($R$2&$R$1&$B66,Data_SL!$B$2:$B$368&Data_SL!$A$2:$A$368&Data_SL!$F$2:$F$368,0)),"")} -> 0 | ... L66: {=IFERROR(INDEX(Data_SL!P$2:P$368,MATCH($R$2&$R$1&$B66,Data_SL!$B$2:$B$368&Data_SL!$A$2:$A$368&Data_SL!$F$2:$F$368,0)),"")} -> Đã quyết toán
A67: =A66+1 -> 4 | B67: Lô 8E | C67: {=IFERROR(INDEX(Data_SL!G$2:G$368,MATCH($R$2&$R$1&$B67,Data_SL!$B$2:$B$368&Data_SL!$A$2:$A$368&Data_SL!$F$2:$F$368,0)),"")} -> 2442810000 | D67: {=IFERROR(INDEX(Data_SL!H$2:H$368,MATCH($R$2&$R$1&$B67,Data_SL!$B$2:$B$368&Data_SL!$A$2:$A$368&Data_SL!$F$2:$F$368,0)),"")} -> 0 | E67: {=IFERROR(INDEX(Data_SL!I$2:I$368,MATCH($R$2&$R$1&$B67,Data_SL!$B$2:$B$368&Data_SL!$A$2:$A$368&Data_SL!$F$2:$F$368,0)),"")} -> 0 | F67: {=IFERROR(INDEX(Data_SL!J$2:J$368,MATCH($R$2&$R$1&$B67,Data_SL!$B$2:$B$368&Data_SL!$A$2:$A$368&Data_SL!$F$2:$F$368,0)),"")} -> 0 | G67: {=IFERROR(INDEX(Data_SL!K$2:K$368,MATCH($R$2&$R$1&$B67,Data_SL!$B$2:$B$368&Data_SL!$A$2:$A$368&Data_SL!$F$2:$F$368,0)),"")} -> 0 | H67: {=IFERROR(INDEX(Data_SL!L$2:L$368,MATCH($R$2&$R$1&$B67,Data_SL!$B$2:$B$368&Data_SL!$A$2:$A$368&Data_SL!$F$2:$F$368,0)),"")} -> 0 | I67: {=IFERROR(INDEX(Data_SL!M$2:M$368,MATCH($R$2&$R$1&$B67,Data_SL!$B$2:$B$368&Data_SL!$A$2:$A$368&Data_SL!$F$2:$F$368,0)),"")} -> 2442810000 | J67: {=IFERROR(INDEX(Data_SL!N$2:N$368,MATCH($R$2&$R$1&$B67,Data_SL!$B$2:$B$368&Data_SL!$A$2:$A$368&Data_SL!$F$2:$F$368,0)),"")} -> 0 | ... L67: {=IFERROR(INDEX(Data_SL!P$2:P$368,MATCH($R$2&$R$1&$B67,Data_SL!$B$2:$B$368&Data_SL!$A$2:$A$368&Data_SL!$F$2:$F$368,0)),"")} -> 0
A68: =A67+1 -> 5 | B68: Lô 9E | C68: {=IFERROR(INDEX(Data_SL!G$2:G$368,MATCH($R$2&$R$1&$B68,Data_SL!$B$2:$B$368&Data_SL!$A$2:$A$368&Data_SL!$F$2:$F$368,0)),"")} -> 1665300000 | D68: {=IFERROR(INDEX(Data_SL!H$2:H$368,MATCH($R$2&$R$1&$B68,Data_SL!$B$2:$B$368&Data_SL!$A$2:$A$368&Data_SL!$F$2:$F$368,0)),"")} -> 0 | E68: {=IFERROR(INDEX(Data_SL!I$2:I$368,MATCH($R$2&$R$1&$B68,Data_SL!$B$2:$B$368&Data_SL!$A$2:$A$368&Data_SL!$F$2:$F$368,0)),"")} -> 0 | F68: {=IFERROR(INDEX(Data_SL!J$2:J$368,MATCH($R$2&$R$1&$B68,Data_SL!$B$2:$B$368&Data_SL!$A$2:$A$368&Data_SL!$F$2:$F$368,0)),"")} -> 1665300000 | G68: {=IFERROR(INDEX(Data_SL!K$2:K$368,MATCH($R$2&$R$1&$B68,Data_SL!$B$2:$B$368&Data_SL!$A$2:$A$368&Data_SL!$F$2:$F$368,0)),"")} -> 0 | H68: {=IFERROR(INDEX(Data_SL!L$2:L$368,MATCH($R$2&$R$1&$B68,Data_SL!$B$2:$B$368&Data_SL!$A$2:$A$368&Data_SL!$F$2:$F$368,0)),"")} -> 1665300000 | I68: {=IFERROR(INDEX(Data_SL!M$2:M$368,MATCH($R$2&$R$1&$B68,Data_SL!$B$2:$B$368&Data_SL!$A$2:$A$368&Data_SL!$F$2:$F$368,0)),"")} -> 0 | J68: {=IFERROR(INDEX(Data_SL!N$2:N$368,MATCH($R$2&$R$1&$B68,Data_SL!$B$2:$B$368&Data_SL!$A$2:$A$368&Data_SL!$F$2:$F$368,0)),"")} -> 0 | ... L68: {=IFERROR(INDEX(Data_SL!P$2:P$368,MATCH($R$2&$R$1&$B68,Data_SL!$B$2:$B$368&Data_SL!$A$2:$A$368&Data_SL!$F$2:$F$368,0)),"")} -> Xong dự toán
A69: =A68+1 -> 6 | B69: Lô 11E | C69: {=IFERROR(INDEX(Data_SL!G$2:G$368,MATCH($R$2&$R$1&$B69,Data_SL!$B$2:$B$368&Data_SL!$A$2:$A$368&Data_SL!$F$2:$F$368,0)),"")} -> 1663272000 | D69: {=IFERROR(INDEX(Data_SL!H$2:H$368,MATCH($R$2&$R$1&$B69,Data_SL!$B$2:$B$368&Data_SL!$A$2:$A$368&Data_SL!$F$2:$F$368,0)),"")} -> 0 | E69: {=IFERROR(INDEX(Data_SL!I$2:I$368,MATCH($R$2&$R$1&$B69,Data_SL!$B$2:$B$368&Data_SL!$A$2:$A$368&Data_SL!$F$2:$F$368,0)),"")} -> 304792568 | F69: {=IFERROR(INDEX(Data_SL!J$2:J$368,MATCH($R$2&$R$1&$B69,Data_SL!$B$2:$B$368&Data_SL!$A$2:$A$368&Data_SL!$F$2:$F$368,0)),"")} -> 1172750170 | G69: {=IFERROR(INDEX(Data_SL!K$2:K$368,MATCH($R$2&$R$1&$B69,Data_SL!$B$2:$B$368&Data_SL!$A$2:$A$368&Data_SL!$F$2:$F$368,0)),"")} -> 0 | H69: {=IFERROR(INDEX(Data_SL!L$2:L$368,MATCH($R$2&$R$1&$B69,Data_SL!$B$2:$B$368&Data_SL!$A$2:$A$368&Data_SL!$F$2:$F$368,0)),"")} -> 1172750170 | I69: {=IFERROR(INDEX(Data_SL!M$2:M$368,MATCH($R$2&$R$1&$B69,Data_SL!$B$2:$B$368&Data_SL!$A$2:$A$368&Data_SL!$F$2:$F$368,0)),"")} -> 490521830 | J69: {=IFERROR(INDEX(Data_SL!N$2:N$368,MATCH($R$2&$R$1&$B69,Data_SL!$B$2:$B$368&Data_SL!$A$2:$A$368&Data_SL!$F$2:$F$368,0)),"")} -> 0 | ... L69: {=IFERROR(INDEX(Data_SL!P$2:P$368,MATCH($R$2&$R$1&$B69,Data_SL!$B$2:$B$368&Data_SL!$A$2:$A$368&Data_SL!$F$2:$F$368,0)),"")} -> Xong dự toán
A70: III | B70: Hạ tầng
A71: 1 | B71: Đường nội bộ (GĐI) | C71: {=IFERROR(INDEX(Data_SL!G$2:G$368,MATCH($R$2&$R$1&$B71,Data_SL!$B$2:$B$368&Data_SL!$A$2:$A$368&Data_SL!$F$2:$F$368,0)),"")} -> 2579225000 | D71: {=IFERROR(INDEX(Data_SL!H$2:H$368,MATCH($R$2&$R$1&$B71,Data_SL!$B$2:$B$368&Data_SL!$A$2:$A$368&Data_SL!$F$2:$F$368,0)),"")} -> 0 | E71: {=IFERROR(INDEX(Data_SL!I$2:I$368,MATCH($R$2&$R$1&$B71,Data_SL!$B$2:$B$368&Data_SL!$A$2:$A$368&Data_SL!$F$2:$F$368,0)),"")} -> 0 | F71: {=IFERROR(INDEX(Data_SL!J$2:J$368,MATCH($R$2&$R$1&$B71,Data_SL!$B$2:$B$368&Data_SL!$A$2:$A$368&Data_SL!$F$2:$F$368,0)),"")} -> 1943703960 | G71: {=IFERROR(INDEX(Data_SL!K$2:K$368,MATCH($R$2&$R$1&$B71,Data_SL!$B$2:$B$368&Data_SL!$A$2:$A$368&Data_SL!$F$2:$F$368,0)),"")} -> 0 | H71: {=IFERROR(INDEX(Data_SL!L$2:L$368,MATCH($R$2&$R$1&$B71,Data_SL!$B$2:$B$368&Data_SL!$A$2:$A$368&Data_SL!$F$2:$F$368,0)),"")} -> 1943703960 | I71: {=IFERROR(INDEX(Data_SL!M$2:M$368,MATCH($R$2&$R$1&$B71,Data_SL!$B$2:$B$368&Data_SL!$A$2:$A$368&Data_SL!$F$2:$F$368,0)),"")} -> 635521040 | J71: {=IFERROR(INDEX(Data_SL!N$2:N$368,MATCH($R$2&$R$1&$B71,Data_SL!$B$2:$B$368&Data_SL!$A$2:$A$368&Data_SL!$F$2:$F$368,0)),"")} -> 0 | ... L71: {=IFERROR(INDEX(Data_SL!P$2:P$368,MATCH($R$2&$R$1&$B71,Data_SL!$B$2:$B$368&Data_SL!$A$2:$A$368&Data_SL!$F$2:$F$368,0)),"")} -> 0 | M71: 773767500
A72: IV | B72: Nhà dịch vụ
A73: 1 | B73: Nhà dịch vụ công cộng (Tạm tính) | C73: {=IFERROR(INDEX(Data_SL!G$2:G$368,MATCH($R$2&$R$1&$B73,Data_SL!$B$2:$B$368&Data_SL!$A$2:$A$368&Data_SL!$F$2:$F$368,0)),"")} -> 6635659000 | D73: {=IFERROR(INDEX(Data_SL!H$2:H$368,MATCH($R$2&$R$1&$B73,Data_SL!$B$2:$B$368&Data_SL!$A$2:$A$368&Data_SL!$F$2:$F$368,0)),"")} -> 0 | E73: {=IFERROR(INDEX(Data_SL!I$2:I$368,MATCH($R$2&$R$1&$B73,Data_SL!$B$2:$B$368&Data_SL!$A$2:$A$368&Data_SL!$F$2:$F$368,0)),"")} -> 660359400 | F73: {=IFERROR(INDEX(Data_SL!J$2:J$368,MATCH($R$2&$R$1&$B73,Data_SL!$B$2:$B$368&Data_SL!$A$2:$A$368&Data_SL!$F$2:$F$368,0)),"")} -> 5303966400 | G73: {=IFERROR(INDEX(Data_SL!K$2:K$368,MATCH($R$2&$R$1&$B73,Data_SL!$B$2:$B$368&Data_SL!$A$2:$A$368&Data_SL!$F$2:$F$368,0)),"")} -> 0 | H73: {=IFERROR(INDEX(Data_SL!L$2:L$368,MATCH($R$2&$R$1&$B73,Data_SL!$B$2:$B$368&Data_SL!$A$2:$A$368&Data_SL!$F$2:$F$368,0)),"")} -> 5303966400 | I73: {=IFERROR(INDEX(Data_SL!M$2:M$368,MATCH($R$2&$R$1&$B73,Data_SL!$B$2:$B$368&Data_SL!$A$2:$A$368&Data_SL!$F$2:$F$368,0)),"")} -> 1331692000 | J73: {=IFERROR(INDEX(Data_SL!N$2:N$368,MATCH($R$2&$R$1&$B73,Data_SL!$B$2:$B$368&Data_SL!$A$2:$A$368&Data_SL!$F$2:$F$368,0)),"")} -> 0 | ... L73: {=IFERROR(INDEX(Data_SL!P$2:P$368,MATCH($R$2&$R$1&$B73,Data_SL!$B$2:$B$368&Data_SL!$A$2:$A$368&Data_SL!$F$2:$F$368,0)),"")} -> 0 | M73: 716040000 | N73: =680*4500000 -> 3060000000
A74: V | B74: 326HBT | D74: 0 | E74: 0 | G74: 0 | H74: =F74+G74 -> 0 | I74: =C74-F74 -> 0
A75: 1 | B75: Lô 34 | C75: {=IFERROR(INDEX(Data_SL!G$2:G$368,MATCH($R$2&$R$1&$B75,Data_SL!$B$2:$B$368&Data_SL!$A$2:$A$368&Data_SL!$F$2:$F$368,0)),"")} -> 1890897000 | D75: {=IFERROR(INDEX(Data_SL!H$2:H$368,MATCH($R$2&$R$1&$B75,Data_SL!$B$2:$B$368&Data_SL!$A$2:$A$368&Data_SL!$F$2:$F$368,0)),"")} -> 0 | E75: {=IFERROR(INDEX(Data_SL!I$2:I$368,MATCH($R$2&$R$1&$B75,Data_SL!$B$2:$B$368&Data_SL!$A$2:$A$368&Data_SL!$F$2:$F$368,0)),"")} -> 0 | F75: {=IFERROR(INDEX(Data_SL!J$2:J$368,MATCH($R$2&$R$1&$B75,Data_SL!$B$2:$B$368&Data_SL!$A$2:$A$368&Data_SL!$F$2:$F$368,0)),"")} -> 1890897000 | G75: {=IFERROR(INDEX(Data_SL!K$2:K$368,MATCH($R$2&$R$1&$B75,Data_SL!$B$2:$B$368&Data_SL!$A$2:$A$368&Data_SL!$F$2:$F$368,0)),"")} -> 69595000 | H75: {=IFERROR(INDEX(Data_SL!L$2:L$368,MATCH($R$2&$R$1&$B75,Data_SL!$B$2:$B$368&Data_SL!$A$2:$A$368&Data_SL!$F$2:$F$368,0)),"")} -> 1960492000 | I75: {=IFERROR(INDEX(Data_SL!M$2:M$368,MATCH($R$2&$R$1&$B75,Data_SL!$B$2:$B$368&Data_SL!$A$2:$A$368&Data_SL!$F$2:$F$368,0)),"")} -> 0 | J75: {=IFERROR(INDEX(Data_SL!N$2:N$368,MATCH($R$2&$R$1&$B75,Data_SL!$B$2:$B$368&Data_SL!$A$2:$A$368&Data_SL!$F$2:$F$368,0)),"")} -> 0 | ... L75: {=IFERROR(INDEX(Data_SL!P$2:P$368,MATCH($R$2&$R$1&$B75,Data_SL!$B$2:$B$368&Data_SL!$A$2:$A$368&Data_SL!$F$2:$F$368,0)),"")} -> 0
B76: Tổng cộng | C76: =SUM(C11:C75) -> 81887477117 | D76: =SUM(D11:D75) -> 0 | E76: =SUM(E11:E75) -> 4004021393 | F76: =SUM(F11:F75) -> 66654782480 | G76: =SUM(G11:G75) -> 3.4757807e+09 | H76: =SUM(H11:H75) -> 7.0130563e+10 | I76: =SUM(I11:I75) -> 15232157037
I78: Hải Phòng, ngày 31 tháng 12 năm 2025
A80: PHÓ GIÁM ĐỐC XÂY DỰNG | D80: PHÓ PHÒNG HCXD | F80: CHỈ HUY TRƯỞNG | I80: NGƯỜI LẬP
A85: LÊ VĂN HUYÊN | D85: LƯU MINH XUÂN | F85: TRẦN ĐỨC TRƯỜNG | I85: TRẦN QUANG BỔN
L89: (29-7-205)

Sheet BC_DoanhThu
S1: Chọn tháng → | T1: 11
A2: PHÒNG TC - KT | S2: Chọn năm → | T2: 2025
A4: ="BÁO CÁO DOANH THU TIỀN VỀ THÁNG "&T1 -> BÁO CÁO DOANH THU TIỀN VỀ THÁNG 11
A5: Đơn vị phụ trách: Phòng tài chính - Kế toán
A6: ="THÁNG "&T1&" NĂM "&T2 -> THÁNG 11 NĂM 2025
A8: STT | B8: Danh mục | C8: Tên công ty/ Tên lô | D8: Giá trị HĐ/ xuất HĐ/ DT,QT (Thô) | E8: Doanh thu dự kiến | F8: Doanh thu (Thô) | H8: Công nợ phải thu (Thô) | I8: QT (Trát) chưa VAT | J8: Doanh thu (Trát) | L8: Công nợ phải thu (Trát) | M8: Doanh thu (Thô + Trát) | O8: Công nợ phải thu (Thô +Trát) | P8: Tỷ lệ hoàn thành (%)
F9: Kỳ này | G9: Lũy kế | J9: Kỳ này | K9: Lũy kế | M9: Kỳ này | N9: Lũy kế | P9: Kế hoạch | Q9: Lũy kế
A10: A | B10: GIÁ TRỊ PHÁT TRIỂN NHÀ | D10: =D11+D64+D72+D84 -> 94283581169 | E10: =E11+E64+E72+E84 -> 5844026186 | F10: =F11+F64+F72+F84 -> 2815001000 | G10: =G11+G64+G72+G84 -> 76510138850 | H10: =H11+H64+H72+H84 -> 27790192169 | I10: =I11+I64+I72+I84 -> 3850750587 | J10: =J11+J64+J72+J84 -> 220072630 | K10: =K11+K64+K72+K84 -> 3324370506 | ... O10: =O11+O64+O72+O84 -> 28316572294
A11: I | B11: Trại Chuối GĐ 1 | C11: Trại Chuối GĐ 1 | D11: =SUM(D12:D62) -> 59744829169 | E11: =SUM(E12:E62) -> 5044026186 | F11: =SUM(F12:F62) -> 2115001000 | G11: =SUM(G12:G62) -> 46650730000 | H11: =SUM(H12:H62) -> 13094099169 | I11: =SUM(I12:I62) -> 3385246051 | J11: =SUM(J12:J62) -> 220072630 | K11: =SUM(K12:K62) -> 3114551185 | ... O11: =SUM(O12:O62) -> 13364794079
A12: A
A13: 1 | B13: Xây nhà | C13: Lô 5A | D13: {=IFERROR(INDEX(Data_DT!I$2:I$429,MATCH($T$2&$T$1&$C13,Data_DT!$B$2:$B$429&Data_DT!$A$2:$A$429&Data_DT!$H$2:$H$429,0)),"")} -> 1058030000 | E13: {=IFERROR(INDEX(Data_DT!J$2:J$429,MATCH($T$2&$T$1&$C13,Data_DT!$B$2:$B$429&Data_DT!$A$2:$A$429&Data_DT!$H$2:$H$429,0)),"")} -> 300000000 | F13: {=IFERROR(INDEX(Data_DT!K$2:K$429,MATCH($T$2&$T$1&$C13,Data_DT!$B$2:$B$429&Data_DT!$A$2:$A$429&Data_DT!$H$2:$H$429,0)),"")} -> 0 | G13: {=IFERROR(INDEX(Data_DT!L$2:L$429,MATCH($T$2&$T$1&$C13,Data_DT!$B$2:$B$429&Data_DT!$A$2:$A$429&Data_DT!$H$2:$H$429,0)),"")} -> 700000000 | H13: {=IFERROR(INDEX(Data_DT!M$2:M$429,MATCH($T$2&$T$1&$C13,Data_DT!$B$2:$B$429&Data_DT!$A$2:$A$429&Data_DT!$H$2:$H$429,0)),"")} -> 358030000 | I13: {=IFERROR(INDEX(Data_DT!N$2:N$429,MATCH($T$2&$T$1&$C13,Data_DT!$B$2:$B$429&Data_DT!$A$2:$A$429&Data_DT!$H$2:$H$429,0)),"")} -> 0 | J13: {=IFERROR(INDEX(Data_DT!O$2:O$429,MATCH($T$2&$T$1&$C13,Data_DT!$B$2:$B$429&Data_DT!$A$2:$A$429&Data_DT!$H$2:$H$429,0)),"")} -> 0 | K13: {=IFERROR(INDEX(Data_DT!P$2:P$429,MATCH($T$2&$T$1&$C13,Data_DT!$B$2:$B$429&Data_DT!$A$2:$A$429&Data_DT!$H$2:$H$429,0)),"")} -> 0 | ... Q13: {=IFERROR(INDEX(Data_DT!V$2:V$429,MATCH($T$2&$T$1&$C13,Data_DT!$B$2:$B$429&Data_DT!$A$2:$A$429&Data_DT!$H$2:$H$429,0)),"")} -> 0.66160695
A14: 2 | B14: Xây nhà | C14: Lô 9A | D14: {=IFERROR(INDEX(Data_DT!I$2:I$429,MATCH($T$2&$T$1&$C14,Data_DT!$B$2:$B$429&Data_DT!$A$2:$A$429&Data_DT!$H$2:$H$429,0)),"")} -> 1118543000 | E14: {=IFERROR(INDEX(Data_DT!J$2:J$429,MATCH($T$2&$T$1&$C14,Data_DT!$B$2:$B$429&Data_DT!$A$2:$A$429&Data_DT!$H$2:$H$429,0)),"")} -> 0 | F14: {=IFERROR(INDEX(Data_DT!K$2:K$429,MATCH($T$2&$T$1&$C14,Data_DT!$B$2:$B$429&Data_DT!$A$2:$A$429&Data_DT!$H$2:$H$429,0)),"")} -> 0 | G14: {=IFERROR(INDEX(Data_DT!L$2:L$429,MATCH($T$2&$T$1&$C14,Data_DT!$B$2:$B$429&Data_DT!$A$2:$A$429&Data_DT!$H$2:$H$429,0)),"")} -> 1118000000 | H14: {=IFERROR(INDEX(Data_DT!M$2:M$429,MATCH($T$2&$T$1&$C14,Data_DT!$B$2:$B$429&Data_DT!$A$2:$A$429&Data_DT!$H$2:$H$429,0)),"")} -> 543000 | I14: {=IFERROR(INDEX(Data_DT!N$2:N$429,MATCH($T$2&$T$1&$C14,Data_DT!$B$2:$B$429&Data_DT!$A$2:$A$429&Data_DT!$H$2:$H$429,0)),"")} -> 138256070 | J14: {=IFERROR(INDEX(Data_DT!O$2:O$429,MATCH($T$2&$T$1&$C14,Data_DT!$B$2:$B$429&Data_DT!$A$2:$A$429&Data_DT!$H$2:$H$429,0)),"")} -> 0 | K14: {=IFERROR(INDEX(Data_DT!P$2:P$429,MATCH($T$2&$T$1&$C14,Data_DT!$B$2:$B$429&Data_DT!$A$2:$A$429&Data_DT!$H$2:$H$429,0)),"")} -> 138256070 | ... Q14: {=IFERROR(INDEX(Data_DT!V$2:V$429,MATCH($T$2&$T$1&$C14,Data_DT!$B$2:$B$429&Data_DT!$A$2:$A$429&Data_DT!$H$2:$H$429,0)),"")} -> 0.99951455
A15: 3 | B15: Xây nhà | C15: Lô 12A | D15: {=IFERROR(INDEX(Data_DT!I$2:I$429,MATCH($T$2&$T$1&$C15,Data_DT!$B$2:$B$429&Data_DT!$A$2:$A$429&Data_DT!$H$2:$H$429,0)),"")} -> 1161338000 | E15: {=IFERROR(INDEX(Data_DT!J$2:J$429,MATCH($T$2&$T$1&$C15,Data_DT!$B$2:$B$429&Data_DT!$A$2:$A$429&Data_DT!$H$2:$H$429,0)),"")} -> 0 | F15: {=IFERROR(INDEX(Data_DT!K$2:K$429,MATCH($T$2&$T$1&$C15,Data_DT!$B$2:$B$429&Data_DT!$A$2:$A$429&Data_DT!$H$2:$H$429,0)),"")} -> 0 | G15: {=IFERROR(INDEX(Data_DT!L$2:L$429,MATCH($T$2&$T$1&$C15,Data_DT!$B$2:$B$429&Data_DT!$A$2:$A$429&Data_DT!$H$2:$H$429,0)),"")} -> 1161338000 | H15: {=IFERROR(INDEX(Data_DT!M$2:M$429,MATCH($T$2&$T$1&$C15,Data_DT!$B$2:$B$429&Data_DT!$A$2:$A$429&Data_DT!$H$2:$H$429,0)),"")} -> 0 | I15: {=IFERROR(INDEX(Data_DT!N$2:N$429,MATCH($T$2&$T$1&$C15,Data_DT!$B$2:$B$429&Data_DT!$A$2:$A$429&Data_DT!$H$2:$H$429,0)),"")} -> 28072132 | J15: {=IFERROR(INDEX(Data_DT!O$2:O$429,MATCH($T$2&$T$1&$C15,Data_DT!$B$2:$B$429&Data_DT!$A$2:$A$429&Data_DT!$H$2:$H$429,0)),"")} -> 0 | K15: {=IFERROR(INDEX(Data_DT!P$2:P$429,MATCH($T$2&$T$1&$C15,Data_DT!$B$2:$B$429&Data_DT!$A$2:$A$429&Data_DT!$H$2:$H$429,0)),"")} -> 28072132 | ... Q15: {=IFERROR(INDEX(Data_DT!V$2:V$429,MATCH($T$2&$T$1&$C15,Data_DT!$B$2:$B$429&Data_DT!$A$2:$A$429&Data_DT!$H$2:$H$429,0)),"")} -> 1
A16: 4 | B16: Xây nhà | C16: Lô 13A | D16: {=IFERROR(INDEX(Data_DT!I$2:I$429,MATCH($T$2&$T$1&$C16,Data_DT!$B$2:$B$429&Data_DT!$A$2:$A$429&Data_DT!$H$2:$H$429,0)),"")} -> 1115000000 | E16: {=IFERROR(INDEX(Data_DT!J$2:J$429,MATCH($T$2&$T$1&$C16,Data_DT!$B$2:$B$429&Data_DT!$A$2:$A$429&Data_DT!$H$2:$H$429,0)),"")} -> 400000000 | F16: {=IFERROR(INDEX(Data_DT!K$2:K$429,MATCH($T$2&$T$1&$C16,Data_DT!$B$2:$B$429&Data_DT!$A$2:$A$429&Data_DT!$H$2:$H$429,0)),"")} -> 400000000 | G16: {=IFERROR(INDEX(Data_DT!L$2:L$429,MATCH($T$2&$T$1&$C16,Data_DT!$B$2:$B$429&Data_DT!$A$2:$A$429&Data_DT!$H$2:$H$429,0)),"")} -> 800000000 | H16: {=IFERROR(INDEX(Data_DT!M$2:M$429,MATCH($T$2&$T$1&$C16,Data_DT!$B$2:$B$429&Data_DT!$A$2:$A$429&Data_DT!$H$2:$H$429,0)),"")} -> 315000000 | I16: {=IFERROR(INDEX(Data_DT!N$2:N$429,MATCH($T$2&$T$1&$C16,Data_DT!$B$2:$B$429&Data_DT!$A$2:$A$429&Data_DT!$H$2:$H$429,0)),"")} -> 0 | J16: {=IFERROR(INDEX(Data_DT!O$2:O$429,MATCH($T$2&$T$1&$C16,Data_DT!$B$2:$B$429&Data_DT!$A$2:$A$429&Data_DT!$H$2:$H$429,0)),"")} -> 0 | K16: {=IFERROR(INDEX(Data_DT!P$2:P$429,MATCH($T$2&$T$1&$C16,Data_DT!$B$2:$B$429&Data_DT!$A$2:$A$429&Data_DT!$H$2:$H$429,0)),"")} -> 0 | ... Q16: {=IFERROR(INDEX(Data_DT!V$2:V$429,MATCH($T$2&$T$1&$C16,Data_DT!$B$2:$B$429&Data_DT!$A$2:$A$429&Data_DT!$H$2:$H$429,0)),"")} -> 0.71748879
A17: 5 | B17: Xây nhà | C17: Lô 14A | D17: {=IFERROR(INDEX(Data_DT!I$2:I$429,MATCH($T$2&$T$1&$C17,Data_DT!$B$2:$B$429&Data_DT!$A$2:$A$429&Data_DT!$H$2:$H$429,0)),"")} -> 1075562000 | E17: {=IFERROR(INDEX(Data_DT!J$2:J$429,MATCH($T$2&$T$1&$C17,Data_DT!$B$2:$B$429&Data_DT!$A$2:$A$429&Data_DT!$H$2:$H$429,0)),"")} -> 0 | F17: {=IFERROR(INDEX(Data_DT!K$2:K$429,MATCH($T$2&$T$1&$C17,Data_DT!$B$2:$B$429&Data_DT!$A$2:$A$429&Data_DT!$H$2:$H$429,0)),"")} -> 0 | G17: {=IFERROR(INDEX(Data_DT!L$2:L$429,MATCH($T$2&$T$1&$C17,Data_DT!$B$2:$B$429&Data_DT!$A$2:$A$429&Data_DT!$H$2:$H$429,0)),"")} -> 400000000 | H17: {=IFERROR(INDEX(Data_DT!M$2:M$429,MATCH($T$2&$T$1&$C17,Data_DT!$B$2:$B$429&Data_DT!$A$2:$A$429&Data_DT!$H$2:$H$429,0)),"")} -> 675562000 | I17: {=IFERROR(INDEX(Data_DT!N$2:N$429,MATCH($T$2&$T$1&$C17,Data_DT!$B$2:$B$429&Data_DT!$A$2:$A$429&Data_DT!$H$2:$H$429,0)),"")} -> 0 | J17: {=IFERROR(INDEX(Data_DT!O$2:O$429,MATCH($T$2&$T$1&$C17,Data_DT!$B$2:$B$429&Data_DT!$A$2:$A$429&Data_DT!$H$2:$H$429,0)),"")} -> 0 | K17: {=IFERROR(INDEX(Data_DT!P$2:P$429,MATCH($T$2&$T$1&$C17,Data_DT!$B$2:$B$429&Data_DT!$A$2:$A$429&Data_DT!$H$2:$H$429,0)),"")} -> 0 | ... Q17: {=IFERROR(INDEX(Data_DT!V$2:V$429,MATCH($T$2&$T$1&$C17,Data_DT!$B$2:$B$429&Data_DT!$A$2:$A$429&Data_DT!$H$2:$H$429,0)),"")} -> 0.3718986
A18: B
A19: 1 | B19: Xây nhà | C19: Lô 1B | D19: {=IFERROR(INDEX(Data_DT!I$2:I$429,MATCH($T$2&$T$1&$C19,Data_DT!$B$2:$B$429&Data_DT!$A$2:$A$429&Data_DT!$H$2:$H$429,0)),"")} -> 1295727000 | E19: {=IFERROR(INDEX(Data_DT!J$2:J$429,MATCH($T$2&$T$1&$C19,Data_DT!$B$2:$B$429&Data_DT!$A$2:$A$429&Data_DT!$H$2:$H$429,0)),"")} -> 0 | F19: {=IFERROR(INDEX(Data_DT!K$2:K$429,MATCH($T$2&$T$1&$C19,Data_DT!$B$2:$B$429&Data_DT!$A$2:$A$429&Data_DT!$H$2:$H$429,0)),"")} -> 0 | G19: {=IFERROR(INDEX(Data_DT!L$2:L$429,MATCH($T$2&$T$1&$C19,Data_DT!$B$2:$B$429&Data_DT!$A$2:$A$429&Data_DT!$H$2:$H$429,0)),"")} -> 1150000000 | H19: {=IFERROR(INDEX(Data_DT!M$2:M$429,MATCH($T$2&$T$1&$C19,Data_DT!$B$2:$B$429&Data_DT!$A$2:$A$429&Data_DT!$H$2:$H$429,0)),"")} -> 145727000 | I19: {=IFERROR(INDEX(Data_DT!N$2:N$429,MATCH($T$2&$T$1&$C19,Data_DT!$B$2:$B$429&Data_DT!$A$2:$A$429&Data_DT!$H$2:$H$429,0)),"")} -> 205663339 | J19: {=IFERROR(INDEX(Data_DT!O$2:O$429,MATCH($T$2&$T$1&$C19,Data_DT!$B$2:$B$429&Data_DT!$A$2:$A$429&Data_DT!$H$2:$H$429,0)),"")} -> 0 | K19: {=IFERROR(INDEX(Data_DT!P$2:P$429,MATCH($T$2&$T$1&$C19,Data_DT!$B$2:$B$429&Data_DT!$A$2:$A$429&Data_DT!$H$2:$H$429,0)),"")} -> 100000000 | ... Q19: {=IFERROR(INDEX(Data_DT!V$2:V$429,MATCH($T$2&$T$1&$C19,Data_DT!$B$2:$B$429&Data_DT!$A$2:$A$429&Data_DT!$H$2:$H$429,0)),"")} -> 0.88753264 | T19: Dũng Hà
A20: 2 | B20: Xây nhà | C20: Lô 3B | D20: {=IFERROR(INDEX(Data_DT!I$2:I$429,MATCH($T$2&$T$1&$C20,Data_DT!$B$2:$B$429&Data_DT!$A$2:$A$429&Data_DT!$H$2:$H$429,0)),"")} -> 1629894000 | E20: {=IFERROR(INDEX(Data_DT!J$2:J$429,MATCH($T$2&$T$1&$C20,Data_DT!$B$2:$B$429&Data_DT!$A$2:$A$429&Data_DT!$H$2:$H$429,0)),"")} -> 0 | F20: {=IFERROR(INDEX(Data_DT!K$2:K$429,MATCH($T$2&$T$1&$C20,Data_DT!$B$2:$B$429&Data_DT!$A$2:$A$429&Data_DT!$H$2:$H$429,0)),"")} -> 0 | G20: {=IFERROR(INDEX(Data_DT!L$2:L$429,MATCH($T$2&$T$1&$C20,Data_DT!$B$2:$B$429&Data_DT!$A$2:$A$429&Data_DT!$H$2:$H$429,0)),"")} -> 1629894000 | H20: {=IFERROR(INDEX(Data_DT!M$2:M$429,MATCH($T$2&$T$1&$C20,Data_DT!$B$2:$B$429&Data_DT!$A$2:$A$429&Data_DT!$H$2:$H$429,0)),"")} -> 0 | I20: {=IFERROR(INDEX(Data_DT!N$2:N$429,MATCH($T$2&$T$1&$C20,Data_DT!$B$2:$B$429&Data_DT!$A$2:$A$429&Data_DT!$H$2:$H$429,0)),"")} -> 134944617 | J20: {=IFERROR(INDEX(Data_DT!O$2:O$429,MATCH($T$2&$T$1&$C20,Data_DT!$B$2:$B$429&Data_DT!$A$2:$A$429&Data_DT!$H$2:$H$429,0)),"")} -> 0 | K20: {=IFERROR(INDEX(Data_DT!P$2:P$429,MATCH($T$2&$T$1&$C20,Data_DT!$B$2:$B$429&Data_DT!$A$2:$A$429&Data_DT!$H$2:$H$429,0)),"")} -> 134944617 | ... Q20: {=IFERROR(INDEX(Data_DT!V$2:V$429,MATCH($T$2&$T$1&$C20,Data_DT!$B$2:$B$429&Data_DT!$A$2:$A$429&Data_DT!$H$2:$H$429,0)),"")} -> 1
A21: 3 | B21: Xây nhà | C21: Lô 4B | D21: {=IFERROR(INDEX(Data_DT!I$2:I$429,MATCH($T$2&$T$1&$C21,Data_DT!$B$2:$B$429&Data_DT!$A$2:$A$429&Data_DT!$H$2:$H$429,0)),"")} -> 1323640000 | E21: {=IFERROR(INDEX(Data_DT!J$2:J$429,MATCH($T$2&$T$1&$C21,Data_DT!$B$2:$B$429&Data_DT!$A$2:$A$429&Data_DT!$H$2:$H$429,0)),"")} -> 0 | F21: {=IFERROR(INDEX(Data_DT!K$2:K$429,MATCH($T$2&$T$1&$C21,Data_DT!$B$2:$B$429&Data_DT!$A$2:$A$429&Data_DT!$H$2:$H$429,0)),"")} -> 0 | G21: {=IFERROR(INDEX(Data_DT!L$2:L$429,MATCH($T$2&$T$1&$C21,Data_DT!$B$2:$B$429&Data_DT!$A$2:$A$429&Data_DT!$H$2:$H$429,0)),"")} -> 1300000000 | H21: {=IFERROR(INDEX(Data_DT!M$2:M$429,MATCH($T$2&$T$1&$C21,Data_DT!$B$2:$B$429&Data_DT!$A$2:$A$429&Data_DT!$H$2:$H$429,0)),"")} -> 23640000 | I21: {=IFERROR(INDEX(Data_DT!N$2:N$429,MATCH($T$2&$T$1&$C21,Data_DT!$B$2:$B$429&Data_DT!$A$2:$A$429&Data_DT!$H$2:$H$429,0)),"")} -> 0 | J21: {=IFERROR(INDEX(Data_DT!O$2:O$429,MATCH($T$2&$T$1&$C21,Data_DT!$B$2:$B$429&Data_DT!$A$2:$A$429&Data_DT!$H$2:$H$429,0)),"")} -> 0 | K21: {=IFERROR(INDEX(Data_DT!P$2:P$429,MATCH($T$2&$T$1&$C21,Data_DT!$B$2:$B$429&Data_DT!$A$2:$A$429&Data_DT!$H$2:$H$429,0)),"")} -> 0 | ... Q21: {=IFERROR(INDEX(Data_DT!V$2:V$429,MATCH($T$2&$T$1&$C21,Data_DT!$B$2:$B$429&Data_DT!$A$2:$A$429&Data_DT!$H$2:$H$429,0)),"")} -> 0.98214016
A22: 4 | B22: Xây nhà | C22: Lô 6B | D22: {=IFERROR(INDEX(Data_DT!I$2:I$429,MATCH($T$2&$T$1&$C22,Data_DT!$B$2:$B$429&Data_DT!$A$2:$A$429&Data_DT!$H$2:$H$429,0)),"")} -> 1325211000 | E22: {=IFERROR(INDEX(Data_DT!J$2:J$429,MATCH($T$2&$T$1&$C22,Data_DT!$B$2:$B$429&Data_DT!$A$2:$A$429&Data_DT!$H$2:$H$429,0)),"")} -> 52546000 | F22: {=IFERROR(INDEX(Data_DT!K$2:K$429,MATCH($T$2&$T$1&$C22,Data_DT!$B$2:$B$429&Data_DT!$A$2:$A$429&Data_DT!$H$2:$H$429,0)),"")} -> 0 | G22: {=IFERROR(INDEX(Data_DT!L$2:L$429,MATCH($T$2&$T$1&$C22,Data_DT!$B$2:$B$429&Data_DT!$A$2:$A$429&Data_DT!$H$2:$H$429,0)),"")} -> 1300000000 | H22: {=IFERROR(INDEX(Data_DT!M$2:M$429,MATCH($T$2&$T$1&$C22,Data_DT!$B$2:$B$429&Data_DT!$A$2:$A$429&Data_DT!$H$2:$H$429,0)),"")} -> 25211000 | I22: {=IFERROR(INDEX(Data_DT!N$2:N$429,MATCH($T$2&$T$1&$C22,Data_DT!$B$2:$B$429&Data_DT!$A$2:$A$429&Data_DT!$H$2:$H$429,0)),"")} -> 0 | J22: {=IFERROR(INDEX(Data_DT!O$2:O$429,MATCH($T$2&$T$1&$C22,Data_DT!$B$2:$B$429&Data_DT!$A$2:$A$429&Data_DT!$H$2:$H$429,0)),"")} -> 0 | K22: {=IFERROR(INDEX(Data_DT!P$2:P$429,MATCH($T$2&$T$1&$C22,Data_DT!$B$2:$B$429&Data_DT!$A$2:$A$429&Data_DT!$H$2:$H$429,0)),"")} -> 0 | ... Q22: {=IFERROR(INDEX(Data_DT!V$2:V$429,MATCH($T$2&$T$1&$C22,Data_DT!$B$2:$B$429&Data_DT!$A$2:$A$429&Data_DT!$H$2:$H$429,0)),"")} -> 0.98097586
A23: 5 | B23: Xây nhà | C23: Lô 7B | D23: {=IFERROR(INDEX(Data_DT!I$2:I$429,MATCH($T$2&$T$1&$C23,Data_DT!$B$2:$B$429&Data_DT!$A$2:$A$429&Data_DT!$H$2:$H$429,0)),"")} -> 1176530000 | E23: {=IFERROR(INDEX(Data_DT!J$2:J$429,MATCH($T$2&$T$1&$C23,Data_DT!$B$2:$B$429&Data_DT!$A$2:$A$429&Data_DT!$H$2:$H$429,0)),"")} -> 178527852 | F23: {=IFERROR(INDEX(Data_DT!K$2:K$429,MATCH($T$2&$T$1&$C23,Data_DT!$B$2:$B$429&Data_DT!$A$2:$A$429&Data_DT!$H$2:$H$429,0)),"")} -> 0 | G23: {=IFERROR(INDEX(Data_DT!L$2:L$429,MATCH($T$2&$T$1&$C23,Data_DT!$B$2:$B$429&Data_DT!$A$2:$A$429&Data_DT!$H$2:$H$429,0)),"")} -> 1100000000 | H23: {=IFERROR(INDEX(Data_DT!M$2:M$429,MATCH($T$2&$T$1&$C23,Data_DT!$B$2:$B$429&Data_DT!$A$2:$A$429&Data_DT!$H$2:$H$429,0)),"")} -> 76530000 | I23: {=IFERROR(INDEX(Data_DT!N$2:N$429,MATCH($T$2&$T$1&$C23,Data_DT!$B$2:$B$429&Data_DT!$A$2:$A$429&Data_DT!$H$2:$H$429,0)),"")} -> 56777265 | J23: {=IFERROR(INDEX(Data_DT!O$2:O$429,MATCH($T$2&$T$1&$C23,Data_DT!$B$2:$B$429&Data_DT!$A$2:$A$429&Data_DT!$H$2:$H$429,0)),"")} -> 0 | K23: {=IFERROR(INDEX(Data_DT!P$2:P$429,MATCH($T$2&$T$1&$C23,Data_DT!$B$2:$B$429&Data_DT!$A$2:$A$429&Data_DT!$H$2:$H$429,0)),"")} -> 0 | ... Q23: {=IFERROR(INDEX(Data_DT!V$2:V$429,MATCH($T$2&$T$1&$C23,Data_DT!$B$2:$B$429&Data_DT!$A$2:$A$429&Data_DT!$H$2:$H$429,0)),"")} -> 0.93495278
A24: 6 | B24: Xây nhà | C24: Lô 8B | D24: {=IFERROR(INDEX(Data_DT!I$2:I$429,MATCH($T$2&$T$1&$C24,Data_DT!$B$2:$B$429&Data_DT!$A$2:$A$429&Data_DT!$H$2:$H$429,0)),"")} -> 1195530000 | E24: {=IFERROR(INDEX(Data_DT!J$2:J$429,MATCH($T$2&$T$1&$C24,Data_DT!$B$2:$B$429&Data_DT!$A$2:$A$429&Data_DT!$H$2:$H$429,0)),"")} -> 0 | F24: {=IFERROR(INDEX(Data_DT!K$2:K$429,MATCH($T$2&$T$1&$C24,Data_DT!$B$2:$B$429&Data_DT!$A$2:$A$429&Data_DT!$H$2:$H$429,0)),"")} -> 0 | G24: {=IFERROR(INDEX(Data_DT!L$2:L$429,MATCH($T$2&$T$1&$C24,Data_DT!$B$2:$B$429&Data_DT!$A$2:$A$429&Data_DT!$H$2:$H$429,0)),"")} -> 1195530000 | H24: {=IFERROR(INDEX(Data_DT!M$2:M$429,MATCH($T$2&$T$1&$C24,Data_DT!$B$2:$B$429&Data_DT!$A$2:$A$429&Data_DT!$H$2:$H$429,0)),"")} -> 0 | I24: {=IFERROR(INDEX(Data_DT!N$2:N$429,MATCH($T$2&$T$1&$C24,Data_DT!$B$2:$B$429&Data_DT!$A$2:$A$429&Data_DT!$H$2:$H$429,0)),"")} -> 141848544 | J24: {=IFERROR(INDEX(Data_DT!O$2:O$429,MATCH($T$2&$T$1&$C24,Data_DT!$B$2:$B$429&Data_DT!$A$2:$A$429&Data_DT!$H$2:$H$429,0)),"")} -> 0 | K24: {=IFERROR(INDEX(Data_DT!P$2:P$429,MATCH($T$2&$T$1&$C24,Data_DT!$B$2:$B$429&Data_DT!$A$2:$A$429&Data_DT!$H$2:$H$429,0)),"")} -> 141848544 | ... Q24: {=IFERROR(INDEX(Data_DT!V$2:V$429,MATCH($T$2&$T$1&$C24,Data_DT!$B$2:$B$429&Data_DT!$A$2:$A$429&Data_DT!$H$2:$H$429,0)),"")} -> 1
A25: 7 | B25: Xây nhà | C25: Lô 9B | D25: {=IFERROR(INDEX(Data_DT!I$2:I$429,MATCH($T$2&$T$1&$C25,Data_DT!$B$2:$B$429&Data_DT!$A$2:$A$429&Data_DT!$H$2:$H$429,0)),"")} -> 1300374000 | E25: {=IFERROR(INDEX(Data_DT!J$2:J$429,MATCH($T$2&$T$1&$C25,Data_DT!$B$2:$B$429&Data_DT!$A$2:$A$429&Data_DT!$H$2:$H$429,0)),"")} -> 387132000 | F25: {=IFERROR(INDEX(Data_DT!K$2:K$429,MATCH($T$2&$T$1&$C25,Data_DT!$B$2:$B$429&Data_DT!$A$2:$A$429&Data_DT!$H$2:$H$429,0)),"")} -> 50000000 | G25: {=IFERROR(INDEX(Data_DT!L$2:L$429,MATCH($T$2&$T$1&$C25,Data_DT!$B$2:$B$429&Data_DT!$A$2:$A$429&Data_DT!$H$2:$H$429,0)),"")} -> 1250000000 | H25: {=IFERROR(INDEX(Data_DT!M$2:M$429,MATCH($T$2&$T$1&$C25,Data_DT!$B$2:$B$429&Data_DT!$A$2:$A$429&Data_DT!$H$2:$H$429,0)),"")} -> 50374000 | I25: {=IFERROR(INDEX(Data_DT!N$2:N$429,MATCH($T$2&$T$1&$C25,Data_DT!$B$2:$B$429&Data_DT!$A$2:$A$429&Data_DT!$H$2:$H$429,0)),"")} -> 99454630 | J25: {=IFERROR(INDEX(Data_DT!O$2:O$429,MATCH($T$2&$T$1&$C25,Data_DT!$B$2:$B$429&Data_DT!$A$2:$A$429&Data_DT!$H$2:$H$429,0)),"")} -> 0 | K25: {=IFERROR(INDEX(Data_DT!P$2:P$429,MATCH($T$2&$T$1&$C25,Data_DT!$B$2:$B$429&Data_DT!$A$2:$A$429&Data_DT!$H$2:$H$429,0)),"")} -> 99454630 | ... Q25: {=IFERROR(INDEX(Data_DT!V$2:V$429,MATCH($T$2&$T$1&$C25,Data_DT!$B$2:$B$429&Data_DT!$A$2:$A$429&Data_DT!$H$2:$H$429,0)),"")} -> 0.96126191
A26: 8 | B26: Xây nhà | C26: Lô 12B | D26: {=IFERROR(INDEX(Data_DT!I$2:I$429,MATCH($T$2&$T$1&$C26,Data_DT!$B$2:$B$429&Data_DT!$A$2:$A$429&Data_DT!$H$2:$H$429,0)),"")} -> 1654109000 | E26: {=IFERROR(INDEX(Data_DT!J$2:J$429,MATCH($T$2&$T$1&$C26,Data_DT!$B$2:$B$429&Data_DT!$A$2:$A$429&Data_DT!$H$2:$H$429,0)),"")} -> 0 | F26: {=IFERROR(INDEX(Data_DT!K$2:K$429,MATCH($T$2&$T$1&$C26,Data_DT!$B$2:$B$429&Data_DT!$A$2:$A$429&Data_DT!$H$2:$H$429,0)),"")} -> 0 | G26: {=IFERROR(INDEX(Data_DT!L$2:L$429,MATCH($T$2&$T$1&$C26,Data_DT!$B$2:$B$429&Data_DT!$A$2:$A$429&Data_DT!$H$2:$H$429,0)),"")} -> 400000000 | H26: {=IFERROR(INDEX(Data_DT!M$2:M$429,MATCH($T$2&$T$1&$C26,Data_DT!$B$2:$B$429&Data_DT!$A$2:$A$429&Data_DT!$H$2:$H$429,0)),"")} -> 1254109000 | I26: {=IFERROR(INDEX(Data_DT!N$2:N$429,MATCH($T$2&$T$1&$C26,Data_DT!$B$2:$B$429&Data_DT!$A$2:$A$429&Data_DT!$H$2:$H$429,0)),"")} -> 0 | J26: {=IFERROR(INDEX(Data_DT!O$2:O$429,MATCH($T$2&$T$1&$C26,Data_DT!$B$2:$B$429&Data_DT!$A$2:$A$429&Data_DT!$H$2:$H$429,0)),"")} -> 0 | K26: {=IFERROR(INDEX(Data_DT!P$2:P$429,MATCH($T$2&$T$1&$C26,Data_DT!$B$2:$B$429&Data_DT!$A$2:$A$429&Data_DT!$H$2:$H$429,0)),"")} -> 0 | ... Q26: {=IFERROR(INDEX(Data_DT!V$2:V$429,MATCH($T$2&$T$1&$C26,Data_DT!$B$2:$B$429&Data_DT!$A$2:$A$429&Data_DT!$H$2:$H$429,0)),"")} -> 0.24182203
A27: 9 | B27: Xây nhà | C27: Lô 13B-A | D27: {=IFERROR(INDEX(Data_DT!I$2:I$429,MATCH($T$2&$T$1&$C27,Data_DT!$B$2:$B$429&Data_DT!$A$2:$A$429&Data_DT!$H$2:$H$429,0)),"")} -> 1386198277 | E27: {=IFERROR(INDEX(Data_DT!J$2:J$429,MATCH($T$2&$T$1&$C27,Data_DT!$B$2:$B$429&Data_DT!$A$2:$A$429&Data_DT!$H$2:$H$429,0)),"")} -> 0 | F27: {=IFERROR(INDEX(Data_DT!K$2:K$429,MATCH($T$2&$T$1&$C27,Data_DT!$B$2:$B$429&Data_DT!$A$2:$A$429&Data_DT!$H$2:$H$429,0)),"")} -> 0 | G27: {=IFERROR(INDEX(Data_DT!L$2:L$429,MATCH($T$2&$T$1&$C27,Data_DT!$B$2:$B$429&Data_DT!$A$2:$A$429&Data_DT!$H$2:$H$429,0)),"")} -> 200000000 | H27: {=IFERROR(INDEX(Data_DT!M$2:M$429,MATCH($T$2&$T$1&$C27,Data_DT!$B$2:$B$429&Data_DT!$A$2:$A$429&Data_DT!$H$2:$H$429,0)),"")} -> 1186198277 | I27: {=IFERROR(INDEX(Data_DT!N$2:N$429,MATCH($T$2&$T$1&$C27,Data_DT!$B$2:$B$429&Data_DT!$A$2:$A$429&Data_DT!$H$2:$H$429,0)),"")} -> 0 | J27: {=IFERROR(INDEX(Data_DT!O$2:O$429,MATCH($T$2&$T$1&$C27,Data_DT!$B$2:$B$429&Data_DT!$A$2:$A$429&Data_DT!$H$2:$H$429,0)),"")} -> 0 | K27: {=IFERROR(INDEX(Data_DT!P$2:P$429,MATCH($T$2&$T$1&$C27,Data_DT!$B$2:$B$429&Data_DT!$A$2:$A$429&Data_DT!$H$2:$H$429,0)),"")} -> 0 | ... Q27: {=IFERROR(INDEX(Data_DT!V$2:V$429,MATCH($T$2&$T$1&$C27,Data_DT!$B$2:$B$429&Data_DT!$A$2:$A$429&Data_DT!$H$2:$H$429,0)),"")} -> 0.1442795
A28: 10 | B28: Xây nhà | C28: Lô 13B-B | D28: {=IFERROR(INDEX(Data_DT!I$2:I$429,MATCH($T$2&$T$1&$C28,Data_DT!$B$2:$B$429&Data_DT!$A$2:$A$429&Data_DT!$H$2:$H$429,0)),"")} -> 1151187000 | E28: {=IFERROR(INDEX(Data_DT!J$2:J$429,MATCH($T$2&$T$1&$C28,Data_DT!$B$2:$B$429&Data_DT!$A$2:$A$429&Data_DT!$H$2:$H$429,0)),"")} -> 0 | F28: {=IFERROR(INDEX(Data_DT!K$2:K$429,MATCH($T$2&$T$1&$C28,Data_DT!$B$2:$B$429&Data_DT!$A$2:$A$429&Data_DT!$H$2:$H$429,0)),"")} -> 0 | G28: {=IFERROR(INDEX(Data_DT!L$2:L$429,MATCH($T$2&$T$1&$C28,Data_DT!$B$2:$B$429&Data_DT!$A$2:$A$429&Data_DT!$H$2:$H$429,0)),"")} -> 1151187000 | H28: {=IFERROR(INDEX(Data_DT!M$2:M$429,MATCH($T$2&$T$1&$C28,Data_DT!$B$2:$B$429&Data_DT!$A$2:$A$429&Data_DT!$H$2:$H$429,0)),"")} -> 0 | I28: {=IFERROR(INDEX(Data_DT!N$2:N$429,MATCH($T$2&$T$1&$C28,Data_DT!$B$2:$B$429&Data_DT!$A$2:$A$429&Data_DT!$H$2:$H$429,0)),"")} -> 139474971 | J28: {=IFERROR(INDEX(Data_DT!O$2:O$429,MATCH($T$2&$T$1&$C28,Data_DT!$B$2:$B$429&Data_DT!$A$2:$A$429&Data_DT!$H$2:$H$429,0)),"")} -> 0 | K28: {=IFERROR(INDEX(Data_DT!P$2:P$429,MATCH($T$2&$T$1&$C28,Data_DT!$B$2:$B$429&Data_DT!$A$2:$A$429&Data_DT!$H$2:$H$429,0)),"")} -> 139474971 | ... Q28: {=IFERROR(INDEX(Data_DT!V$2:V$429,MATCH($T$2&$T$1&$C28,Data_DT!$B$2:$B$429&Data_DT!$A$2:$A$429&Data_DT!$H$2:$H$429,0)),"")} -> 1
A29: 11 | B29: Xây nhà | C29: Lô 14B | D29: {=IFERROR(INDEX(Data_DT!I$2:I$429,MATCH($T$2&$T$1&$C29,Data_DT!$B$2:$B$429&Data_DT!$A$2:$A$429&Data_DT!$H$2:$H$429,0)),"")} -> 1599758000 | E29: {=IFERROR(INDEX(Data_DT!J$2:J$429,MATCH($T$2&$T$1&$C29,Data_DT!$B$2:$B$429&Data_DT!$A$2:$A$429&Data_DT!$H$2:$H$429,0)),"")} -> 199758000 | F29: {=IFERROR(INDEX(Data_DT!K$2:K$429,MATCH($T$2&$T$1&$C29,Data_DT!$B$2:$B$429&Data_DT!$A$2:$A$429&Data_DT!$H$2:$H$429,0)),"")} -> 199758000 | G29: {=IFERROR(INDEX(Data_DT!L$2:L$429,MATCH($T$2&$T$1&$C29,Data_DT!$B$2:$B$429&Data_DT!$A$2:$A$429&Data_DT!$H$2:$H$429,0)),"")} -> 1599758000 | H29: {=IFERROR(INDEX(Data_DT!M$2:M$429,MATCH($T$2&$T$1&$C29,Data_DT!$B$2:$B$429&Data_DT!$A$2:$A$429&Data_DT!$H$2:$H$429,0)),"")} -> 0 | I29: {=IFERROR(INDEX(Data_DT!N$2:N$429,MATCH($T$2&$T$1&$C29,Data_DT!$B$2:$B$429&Data_DT!$A$2:$A$429&Data_DT!$H$2:$H$429,0)),"")} -> 135344191 | J29: {=IFERROR(INDEX(Data_DT!O$2:O$429,MATCH($T$2&$T$1&$C29,Data_DT!$B$2:$B$429&Data_DT!$A$2:$A$429&Data_DT!$H$2:$H$429,0)),"")} -> 135344191 | K29: {=IFERROR(INDEX(Data_DT!P$2:P$429,MATCH($T$2&$T$1&$C29,Data_DT!$B$2:$B$429&Data_DT!$A$2:$A$429&Data_DT!$H$2:$H$429,0)),"")} -> 135344191 | ... Q29: {=IFERROR(INDEX(Data_DT!V$2:V$429,MATCH($T$2&$T$1&$C29,Data_DT!$B$2:$B$429&Data_DT!$A$2:$A$429&Data_DT!$H$2:$H$429,0)),"")} -> 1
A30: 12 | B30: Xây nhà | C30: Lô 15B | D30: {=IFERROR(INDEX(Data_DT!I$2:I$429,MATCH($T$2&$T$1&$C30,Data_DT!$B$2:$B$429&Data_DT!$A$2:$A$429&Data_DT!$H$2:$H$429,0)),"")} -> 1512938000 | E30: {=IFERROR(INDEX(Data_DT!J$2:J$429,MATCH($T$2&$T$1&$C30,Data_DT!$B$2:$B$429&Data_DT!$A$2:$A$429&Data_DT!$H$2:$H$429,0)),"")} -> 0 | F30: {=IFERROR(INDEX(Data_DT!K$2:K$429,MATCH($T$2&$T$1&$C30,Data_DT!$B$2:$B$429&Data_DT!$A$2:$A$429&Data_DT!$H$2:$H$429,0)),"")} -> 0 | G30: {=IFERROR(INDEX(Data_DT!L$2:L$429,MATCH($T$2&$T$1&$C30,Data_DT!$B$2:$B$429&Data_DT!$A$2:$A$429&Data_DT!$H$2:$H$429,0)),"")} -> 1512938000 | H30: {=IFERROR(INDEX(Data_DT!M$2:M$429,MATCH($T$2&$T$1&$C30,Data_DT!$B$2:$B$429&Data_DT!$A$2:$A$429&Data_DT!$H$2:$H$429,0)),"")} -> 0 | I30: {=IFERROR(INDEX(Data_DT!N$2:N$429,MATCH($T$2&$T$1&$C30,Data_DT!$B$2:$B$429&Data_DT!$A$2:$A$429&Data_DT!$H$2:$H$429,0)),"")} -> 145883155 | J30: {=IFERROR(INDEX(Data_DT!O$2:O$429,MATCH($T$2&$T$1&$C30,Data_DT!$B$2:$B$429&Data_DT!$A$2:$A$429&Data_DT!$H$2:$H$429,0)),"")} -> 0 | K30: {=IFERROR(INDEX(Data_DT!P$2:P$429,MATCH($T$2&$T$1&$C30,Data_DT!$B$2:$B$429&Data_DT!$A$2:$A$429&Data_DT!$H$2:$H$429,0)),"")} -> 145883155 | ... Q30: {=IFERROR(INDEX(Data_DT!V$2:V$429,MATCH($T$2&$T$1&$C30,Data_DT!$B$2:$B$429&Data_DT!$A$2:$A$429&Data_DT!$H$2:$H$429,0)),"")} -> 1
A31: 13 | B31: Xây nhà | C31: Lô 16B | D31: {=IFERROR(INDEX(Data_DT!I$2:I$429,MATCH($T$2&$T$1&$C31,Data_DT!$B$2:$B$429&Data_DT!$A$2:$A$429&Data_DT!$H$2:$H$429,0)),"")} -> 1593398000 | E31: {=IFERROR(INDEX(Data_DT!J$2:J$429,MATCH($T$2&$T$1&$C31,Data_DT!$B$2:$B$429&Data_DT!$A$2:$A$429&Data_DT!$H$2:$H$429,0)),"")} -> 0 | F31: {=IFERROR(INDEX(Data_DT!K$2:K$429,MATCH($T$2&$T$1&$C31,Data_DT!$B$2:$B$429&Data_DT!$A$2:$A$429&Data_DT!$H$2:$H$429,0)),"")} -> 0 | G31: {=IFERROR(INDEX(Data_DT!L$2:L$429,MATCH($T$2&$T$1&$C31,Data_DT!$B$2:$B$429&Data_DT!$A$2:$A$429&Data_DT!$H$2:$H$429,0)),"")} -> 1593398000 | H31: {=IFERROR(INDEX(Data_DT!M$2:M$429,MATCH($T$2&$T$1&$C31,Data_DT!$B$2:$B$429&Data_DT!$A$2:$A$429&Data_DT!$H$2:$H$429,0)),"")} -> 0 | I31: {=IFERROR(INDEX(Data_DT!N$2:N$429,MATCH($T$2&$T$1&$C31,Data_DT!$B$2:$B$429&Data_DT!$A$2:$A$429&Data_DT!$H$2:$H$429,0)),"")} -> 113004411 | J31: {=IFERROR(INDEX(Data_DT!O$2:O$429,MATCH($T$2&$T$1&$C31,Data_DT!$B$2:$B$429&Data_DT!$A$2:$A$429&Data_DT!$H$2:$H$429,0)),"")} -> 0 | K31: {=IFERROR(INDEX(Data_DT!P$2:P$429,MATCH($T$2&$T$1&$C31,Data_DT!$B$2:$B$429&Data_DT!$A$2:$A$429&Data_DT!$H$2:$H$429,0)),"")} -> 113004411 | ... Q31: {=IFERROR(INDEX(Data_DT!V$2:V$429,MATCH($T$2&$T$1&$C31,Data_DT!$B$2:$B$429&Data_DT!$A$2:$A$429&Data_DT!$H$2:$H$429,0)),"")} -> 1
A32: 14 | B32: Xây nhà | C32: Lô 17B | D32: {=IFERROR(INDEX(Data_DT!I$2:I$429,MATCH($T$2&$T$1&$C32,Data_DT!$B$2:$B$429&Data_DT!$A$2:$A$429&Data_DT!$H$2:$H$429,0)),"")} -> 1168758000 | E32: {=IFERROR(INDEX(Data_DT!J$2:J$429,MATCH($T$2&$T$1&$C32,Data_DT!$B$2:$B$429&Data_DT!$A$2:$A$429&Data_DT!$H$2:$H$429,0)),"")} -> 0 | F32: {=IFERROR(INDEX(Data_DT!K$2:K$429,MATCH($T$2&$T$1&$C32,Data_DT!$B$2:$B$429&Data_DT!$A$2:$A$429&Data_DT!$H$2:$H$429,0)),"")} -> 0 | G32: {=IFERROR(INDEX(Data_DT!L$2:L$429,MATCH($T$2&$T$1&$C32,Data_DT!$B$2:$B$429&Data_DT!$A$2:$A$429&Data_DT!$H$2:$H$429,0)),"")} -> 300000000 | H32: {=IFERROR(INDEX(Data_DT!M$2:M$429,MATCH($T$2&$T$1&$C32,Data_DT!$B$2:$B$429&Data_DT!$A$2:$A$429&Data_DT!$H$2:$H$429,0)),"")} -> 868758000 | I32: {=IFERROR(INDEX(Data_DT!N$2:N$429,MATCH($T$2&$T$1&$C32,Data_DT!$B$2:$B$429&Data_DT!$A$2:$A$429&Data_DT!$H$2:$H$429,0)),"")} -> 0 | J32: {=IFERROR(INDEX(Data_DT!O$2:O$429,MATCH($T$2&$T$1&$C32,Data_DT!$B$2:$B$429&Data_DT!$A$2:$A$429&Data_DT!$H$2:$H$429,0)),"")} -> 0 | K32: {=IFERROR(INDEX(Data_DT!P$2:P$429,MATCH($T$2&$T$1&$C32,Data_DT!$B$2:$B$429&Data_DT!$A$2:$A$429&Data_DT!$H$2:$H$429,0)),"")} -> 0 | ... Q32: {=IFERROR(INDEX(Data_DT!V$2:V$429,MATCH($T$2&$T$1&$C32,Data_DT!$B$2:$B$429&Data_DT!$A$2:$A$429&Data_DT!$H$2:$H$429,0)),"")} -> 0.25668274
A33: C
A34: 1 | B34: Xây nhà | C34: Lô 1C | D34: {=IFERROR(INDEX(Data_DT!I$2:I$429,MATCH($T$2&$T$1&$C34,Data_DT!$B$2:$B$429&Data_DT!$A$2:$A$429&Data_DT!$H$2:$H$429,0)),"")} -> 1566568000 | E34: {=IFERROR(INDEX(Data_DT!J$2:J$429,MATCH($T$2&$T$1&$C34,Data_DT!$B$2:$B$429&Data_DT!$A$2:$A$429&Data_DT!$H$2:$H$429,0)),"")} -> 0 | F34: {=IFERROR(INDEX(Data_DT!K$2:K$429,MATCH($T$2&$T$1&$C34,Data_DT!$B$2:$B$429&Data_DT!$A$2:$A$429&Data_DT!$H$2:$H$429,0)),"")} -> 0 | G34: {=IFERROR(INDEX(Data_DT!L$2:L$429,MATCH($T$2&$T$1&$C34,Data_DT!$B$2:$B$429&Data_DT!$A$2:$A$429&Data_DT!$H$2:$H$429,0)),"")} -> 1566568000 | H34: {=IFERROR(INDEX(Data_DT!M$2:M$429,MATCH($T$2&$T$1&$C34,Data_DT!$B$2:$B$429&Data_DT!$A$2:$A$429&Data_DT!$H$2:$H$429,0)),"")} -> 0 | I34: {=IFERROR(INDEX(Data_DT!N$2:N$429,MATCH($T$2&$T$1&$C34,Data_DT!$B$2:$B$429&Data_DT!$A$2:$A$429&Data_DT!$H$2:$H$429,0)),"")} -> 203928380 | J34: {=IFERROR(INDEX(Data_DT!O$2:O$429,MATCH($T$2&$T$1&$C34,Data_DT!$B$2:$B$429&Data_DT!$A$2:$A$429&Data_DT!$H$2:$H$429,0)),"")} -> 0 | K34: {=IFERROR(INDEX(Data_DT!P$2:P$429,MATCH($T$2&$T$1&$C34,Data_DT!$B$2:$B$429&Data_DT!$A$2:$A$429&Data_DT!$H$2:$H$429,0)),"")} -> 203928704 | ... Q34: {=IFERROR(INDEX(Data_DT!V$2:V$429,MATCH($T$2&$T$1&$C34,Data_DT!$B$2:$B$429&Data_DT!$A$2:$A$429&Data_DT!$H$2:$H$429,0)),"")} -> 1
A35: 2 | B35: Xây nhà | C35: Lô 2C | D35: {=IFERROR(INDEX(Data_DT!I$2:I$429,MATCH($T$2&$T$1&$C35,Data_DT!$B$2:$B$429&Data_DT!$A$2:$A$429&Data_DT!$H$2:$H$429,0)),"")} -> 1258870507 | E35: {=IFERROR(INDEX(Data_DT!J$2:J$429,MATCH($T$2&$T$1&$C35,Data_DT!$B$2:$B$429&Data_DT!$A$2:$A$429&Data_DT!$H$2:$H$429,0)),"")} -> 400000000 | F35: {=IFERROR(INDEX(Data_DT!K$2:K$429,MATCH($T$2&$T$1&$C35,Data_DT!$B$2:$B$429&Data_DT!$A$2:$A$429&Data_DT!$H$2:$H$429,0)),"")} -> 400000000 | G35: {=IFERROR(INDEX(Data_DT!L$2:L$429,MATCH($T$2&$T$1&$C35,Data_DT!$B$2:$B$429&Data_DT!$A$2:$A$429&Data_DT!$H$2:$H$429,0)),"")} -> 800000000 | H35: {=IFERROR(INDEX(Data_DT!M$2:M$429,MATCH($T$2&$T$1&$C35,Data_DT!$B$2:$B$429&Data_DT!$A$2:$A$429&Data_DT!$H$2:$H$429,0)),"")} -> 458870507 | I35: {=IFERROR(INDEX(Data_DT!N$2:N$429,MATCH($T$2&$T$1&$C35,Data_DT!$B$2:$B$429&Data_DT!$A$2:$A$429&Data_DT!$H$2:$H$429,0)),"")} -> 0 | J35: {=IFERROR(INDEX(Data_DT!O$2:O$429,MATCH($T$2&$T$1&$C35,Data_DT!$B$2:$B$429&Data_DT!$A$2:$A$429&Data_DT!$H$2:$H$429,0)),"")} -> 0 | K35: {=IFERROR(INDEX(Data_DT!P$2:P$429,MATCH($T$2&$T$1&$C35,Data_DT!$B$2:$B$429&Data_DT!$A$2:$A$429&Data_DT!$H$2:$H$429,0)),"")} -> 0 | ... Q35: {=IFERROR(INDEX(Data_DT!V$2:V$429,MATCH($T$2&$T$1&$C35,Data_DT!$B$2:$B$429&Data_DT!$A$2:$A$429&Data_DT!$H$2:$H$429,0)),"")} -> 0.6354903
A36: 3 | B36: Xây nhà | C36: Lô 3C | D36: {=IFERROR(INDEX(Data_DT!I$2:I$429,MATCH($T$2&$T$1&$C36,Data_DT!$B$2:$B$429&Data_DT!$A$2:$A$429&Data_DT!$H$2:$H$429,0)),"")} -> 1254176935 | E36: {=IFERROR(INDEX(Data_DT!J$2:J$429,MATCH($T$2&$T$1&$C36,Data_DT!$B$2:$B$429&Data_DT!$A$2:$A$429&Data_DT!$H$2:$H$429,0)),"")} -> 600000000 | F36: {=IFERROR(INDEX(Data_DT!K$2:K$429,MATCH($T$2&$T$1&$C36,Data_DT!$B$2:$B$429&Data_DT!$A$2:$A$429&Data_DT!$H$2:$H$429,0)),"")} -> 200000000 | G36: {=IFERROR(INDEX(Data_DT!L$2:L$429,MATCH($T$2&$T$1&$C36,Data_DT!$B$2:$B$429&Data_DT!$A$2:$A$429&Data_DT!$H$2:$H$429,0)),"")} -> 400000000 | H36: {=IFERROR(INDEX(Data_DT!M$2:M$429,MATCH($T$2&$T$1&$C36,Data_DT!$B$2:$B$429&Data_DT!$A$2:$A$429&Data_DT!$H$2:$H$429,0)),"")} -> 854176935 | I36: {=IFERROR(INDEX(Data_DT!N$2:N$429,MATCH($T$2&$T$1&$C36,Data_DT!$B$2:$B$429&Data_DT!$A$2:$A$429&Data_DT!$H$2:$H$429,0)),"")} -> 0 | J36: {=IFERROR(INDEX(Data_DT!O$2:O$429,MATCH($T$2&$T$1&$C36,Data_DT!$B$2:$B$429&Data_DT!$A$2:$A$429&Data_DT!$H$2:$H$429,0)),"")} -> 0 | K36: {=IFERROR(INDEX(Data_DT!P$2:P$429,MATCH($T$2&$T$1&$C36,Data_DT!$B$2:$B$429&Data_DT!$A$2:$A$429&Data_DT!$H$2:$H$429,0)),"")} -> 0 | ... Q36: {=IFERROR(INDEX(Data_DT!V$2:V$429,MATCH($T$2&$T$1&$C36,Data_DT!$B$2:$B$429&Data_DT!$A$2:$A$429&Data_DT!$H$2:$H$429,0)),"")} -> 0.31893427
A37: 4 | B37: Xây nhà | C37: Lô 4C | D37: {=IFERROR(INDEX(Data_DT!I$2:I$429,MATCH($T$2&$T$1&$C37,Data_DT!$B$2:$B$429&Data_DT!$A$2:$A$429&Data_DT!$H$2:$H$429,0)),"")} -> 929889000 | E37: {=IFERROR(INDEX(Data_DT!J$2:J$429,MATCH($T$2&$T$1&$C37,Data_DT!$B$2:$B$429&Data_DT!$A$2:$A$429&Data_DT!$H$2:$H$429,0)),"")} -> 0 | F37: {=IFERROR(INDEX(Data_DT!K$2:K$429,MATCH($T$2&$T$1&$C37,Data_DT!$B$2:$B$429&Data_DT!$A$2:$A$429&Data_DT!$H$2:$H$429,0)),"")} -> 0 | G37: {=IFERROR(INDEX(Data_DT!L$2:L$429,MATCH($T$2&$T$1&$C37,Data_DT!$B$2:$B$429&Data_DT!$A$2:$A$429&Data_DT!$H$2:$H$429,0)),"")} -> 929889000 | H37: {=IFERROR(INDEX(Data_DT!M$2:M$429,MATCH($T$2&$T$1&$C37,Data_DT!$B$2:$B$429&Data_DT!$A$2:$A$429&Data_DT!$H$2:$H$429,0)),"")} -> 0 | I37: {=IFERROR(INDEX(Data_DT!N$2:N$429,MATCH($T$2&$T$1&$C37,Data_DT!$B$2:$B$429&Data_DT!$A$2:$A$429&Data_DT!$H$2:$H$429,0)),"")} -> 41060664 | J37: {=IFERROR(INDEX(Data_DT!O$2:O$429,MATCH($T$2&$T$1&$C37,Data_DT!$B$2:$B$429&Data_DT!$A$2:$A$429&Data_DT!$H$2:$H$429,0)),"")} -> 0 | K37: {=IFERROR(INDEX(Data_DT!P$2:P$429,MATCH($T$2&$T$1&$C37,Data_DT!$B$2:$B$429&Data_DT!$A$2:$A$429&Data_DT!$H$2:$H$429,0)),"")} -> 41060664 | ... Q37: {=IFERROR(INDEX(Data_DT!V$2:V$429,MATCH($T$2&$T$1&$C37,Data_DT!$B$2:$B$429&Data_DT!$A$2:$A$429&Data_DT!$H$2:$H$429,0)),"")} -> 1 | R37: 33490349376
A38: 5 | B38: Xây nhà | C38: Lô 7C | D38: {=IFERROR(INDEX(Data_DT!I$2:I$429,MATCH($T$2&$T$1&$C38,Data_DT!$B$2:$B$429&Data_DT!$A$2:$A$429&Data_DT!$H$2:$H$429,0)),"")} -> 1150397000 | E38: {=IFERROR(INDEX(Data_DT!J$2:J$429,MATCH($T$2&$T$1&$C38,Data_DT!$B$2:$B$429&Data_DT!$A$2:$A$429&Data_DT!$H$2:$H$429,0)),"")} -> 0 | F38: {=IFERROR(INDEX(Data_DT!K$2:K$429,MATCH($T$2&$T$1&$C38,Data_DT!$B$2:$B$429&Data_DT!$A$2:$A$429&Data_DT!$H$2:$H$429,0)),"")} -> 0 | G38: {=IFERROR(INDEX(Data_DT!L$2:L$429,MATCH($T$2&$T$1&$C38,Data_DT!$B$2:$B$429&Data_DT!$A$2:$A$429&Data_DT!$H$2:$H$429,0)),"")} -> 1150397000 | H38: {=IFERROR(INDEX(Data_DT!M$2:M$429,MATCH($T$2&$T$1&$C38,Data_DT!$B$2:$B$429&Data_DT!$A$2:$A$429&Data_DT!$H$2:$H$429,0)),"")} -> 0 | I38: {=IFERROR(INDEX(Data_DT!N$2:N$429,MATCH($T$2&$T$1&$C38,Data_DT!$B$2:$B$429&Data_DT!$A$2:$A$429&Data_DT!$H$2:$H$429,0)),"")} -> 157624826 | J38: {=IFERROR(INDEX(Data_DT!O$2:O$429,MATCH($T$2&$T$1&$C38,Data_DT!$B$2:$B$429&Data_DT!$A$2:$A$429&Data_DT!$H$2:$H$429,0)),"")} -> 0 | K38: {=IFERROR(INDEX(Data_DT!P$2:P$429,MATCH($T$2&$T$1&$C38,Data_DT!$B$2:$B$429&Data_DT!$A$2:$A$429&Data_DT!$H$2:$H$429,0)),"")} -> 157624826 | ... Q38: {=IFERROR(INDEX(Data_DT!V$2:V$429,MATCH($T$2&$T$1&$C38,Data_DT!$B$2:$B$429&Data_DT!$A$2:$A$429&Data_DT!$H$2:$H$429,0)),"")} -> 1
A39: 6 | B39: Xây nhà | C39: Lô 9C | D39: {=IFERROR(INDEX(Data_DT!I$2:I$429,MATCH($T$2&$T$1&$C39,Data_DT!$B$2:$B$429&Data_DT!$A$2:$A$429&Data_DT!$H$2:$H$429,0)),"")} -> 1350745000 | E39: {=IFERROR(INDEX(Data_DT!J$2:J$429,MATCH($T$2&$T$1&$C39,Data_DT!$B$2:$B$429&Data_DT!$A$2:$A$429&Data_DT!$H$2:$H$429,0)),"")} -> 0 | F39: {=IFERROR(INDEX(Data_DT!K$2:K$429,MATCH($T$2&$T$1&$C39,Data_DT!$B$2:$B$429&Data_DT!$A$2:$A$429&Data_DT!$H$2:$H$429,0)),"")} -> 200000000 | G39: {=IFERROR(INDEX(Data_DT!L$2:L$429,MATCH($T$2&$T$1&$C39,Data_DT!$B$2:$B$429&Data_DT!$A$2:$A$429&Data_DT!$H$2:$H$429,0)),"")} -> 300000000 | H39: {=IFERROR(INDEX(Data_DT!M$2:M$429,MATCH($T$2&$T$1&$C39,Data_DT!$B$2:$B$429&Data_DT!$A$2:$A$429&Data_DT!$H$2:$H$429,0)),"")} -> 1050745000 | I39: {=IFERROR(INDEX(Data_DT!N$2:N$429,MATCH($T$2&$T$1&$C39,Data_DT!$B$2:$B$429&Data_DT!$A$2:$A$429&Data_DT!$H$2:$H$429,0)),"")} -> 0 | J39: {=IFERROR(INDEX(Data_DT!O$2:O$429,MATCH($T$2&$T$1&$C39,Data_DT!$B$2:$B$429&Data_DT!$A$2:$A$429&Data_DT!$H$2:$H$429,0)),"")} -> 0 | K39: {=IFERROR(INDEX(Data_DT!P$2:P$429,MATCH($T$2&$T$1&$C39,Data_DT!$B$2:$B$429&Data_DT!$A$2:$A$429&Data_DT!$H$2:$H$429,0)),"")} -> 0 | ... Q39: {=IFERROR(INDEX(Data_DT!V$2:V$429,MATCH($T$2&$T$1&$C39,Data_DT!$B$2:$B$429&Data_DT!$A$2:$A$429&Data_DT!$H$2:$H$429,0)),"")} -> 0.22209966
